NC_004718_S,ATG, 0.01953125
NC_004718_S,TTT, 0.0421875
NC_004718_S,ATT, 0.04375
NC_004718_S,TTC, 0.0203125
NC_004718_S,TTA, 0.0203125
NC_004718_S,CTT, 0.0265625
NC_004718_S,ACT, 0.03046875
NC_004718_S,CTC, 0.01640625
NC_004718_S,AGT, 0.0109375
NC_004718_S,GGT, 0.021875
NC_004718_S,GAC, 0.01640625
NC_004718_S,TGC, 0.01328125
NC_004718_S,ACC, 0.01015625
NC_004718_S,TTG, 0.01640625
NC_004718_S,AAG, 0.01875
NC_004718_S,CTA, 0.01484375
NC_004718_S,TCA, 0.01875
NC_004718_S,ACA, 0.03046875
NC_004718_S,TAC, 0.0140625
NC_004718_S,ATC, 0.00859375
NC_004718_S,TAT, 0.028125
NC_004718_S,GAG, 0.01640625
NC_004718_S,GGG, 0.003125
NC_004718_S,TCC, 0.00703125
NC_004718_S,TGA, 0.00390625
NC_004718_S,AAT, 0.0375
NC_004718_S,TAG, 0.00078125
NC_004718_S,AGA, 0.0109375
NC_004718_S,CAC, 0.0046875
NC_004718_S,TAA, 0.0015625
NC_004718_S,AGG, 0.01015625
NC_004718_S,CAT, 0.009375
NC_004718_S,CAG, 0.00859375
NC_004718_S,ATA, 0.0109375
NC_004718_S,GCA, 0.0140625
NC_004718_S,CTG, 0.00625
NC_004718_S,GTA, 0.0109375
NC_004718_S,CCA, 0.01640625
NC_004718_S,CAA, 0.03359375
NC_004718_S,GTG, 0.0109375
NC_004718_S,GTT, 0.03125
NC_004718_S,CGG, 0.00078125
NC_004718_S,TGT, 0.015625
NC_004718_S,TCT, 0.02734375
NC_004718_S,AAC, 0.01796875
NC_004718_S,TGG, 0.00859375
NC_004718_S,TCG, 0.00234375
NC_004718_S,CCT, 0.02265625
NC_004718_S,CGC, 0.003125
NC_004718_S,AAA, 0.02578125
NC_004718_S,CGA, 0.00234375
NC_004718_S,GAT, 0.03203125
NC_004718_S,GGC, 0.01875
NC_004718_S,CGT, 0.0046875
NC_004718_S,GCC, 0.0078125
NC_004718_S,GCT, 0.03671875
NC_004718_S,ACG, 0.00234375
NC_004718_S,GAA, 0.0140625
NC_004718_S,AGC, 0.0046875
NC_004718_S,GGA, 0.015625
NC_004718_S,CCC, 0.0015625
NC_004718_S,GTC, 0.01328125
NC_004718_S,GCG, 0.00390625
NC_004718_S,CCG, 0.0015625
DQ022305_S,ATG, 0.01640625
DQ022305_S,AAA, 0.03203125
DQ022305_S,ATT, 0.03359375
DQ022305_S,TTA, 0.01953125
DQ022305_S,TTT, 0.03828125
DQ022305_S,CTT, 0.01875
DQ022305_S,AGC, 0.00703125
DQ022305_S,TAA, 0.0046875
DQ022305_S,GCA, 0.01484375
DQ022305_S,CAG, 0.01328125
DQ022305_S,GAA, 0.01796875
DQ022305_S,TGC, 0.01171875
DQ022305_S,GGT, 0.0203125
DQ022305_S,ATC, 0.01484375
DQ022305_S,TCA, 0.0234375
DQ022305_S,GTA, 0.01328125
DQ022305_S,AAC, 0.015625
DQ022305_S,CGC, 0.00546875
DQ022305_S,CTA, 0.01328125
DQ022305_S,ACA, 0.028125
DQ022305_S,AGT, 0.01171875
DQ022305_S,CTC, 0.0171875
DQ022305_S,TTC, 0.01640625
DQ022305_S,TCG, 0.0046875
DQ022305_S,GGG, 0.003125
DQ022305_S,CGT, 0.00625
DQ022305_S,TGA, 0.00234375
DQ022305_S,CAT, 0.009375
DQ022305_S,CCG, 0.0015625
DQ022305_S,TGT, 0.01796875
DQ022305_S,TAC, 0.0171875
DQ022305_S,ACC, 0.00703125
DQ022305_S,CAC, 0.0046875
DQ022305_S,AGG, 0.0046875
DQ022305_S,ACT, 0.0296875
DQ022305_S,TCC, 0.00625
DQ022305_S,TTG, 0.0140625
DQ022305_S,CAA, 0.0296875
DQ022305_S,TGG, 0.0078125
DQ022305_S,ATA, 0.0125
DQ022305_S,CCT, 0.02109375
DQ022305_S,CCA, 0.0140625
DQ022305_S,TAG, 0.0015625
DQ022305_S,GTG, 0.0125
DQ022305_S,GCG, 0.00234375
DQ022305_S,CTG, 0.009375
DQ022305_S,ACG, 0.00859375
DQ022305_S,GAG, 0.0171875
DQ022305_S,GCT, 0.03671875
DQ022305_S,GGA, 0.01484375
DQ022305_S,GTT, 0.03671875
DQ022305_S,CCC, 0.00390625
DQ022305_S,TAT, 0.02109375
DQ022305_S,AAG, 0.01484375
DQ022305_S,AGA, 0.0140625
DQ022305_S,AAT, 0.0390625
DQ022305_S,GAC, 0.021875
DQ022305_S,GTC, 0.01171875
DQ022305_S,GAT, 0.021875
DQ022305_S,GGC, 0.015625
DQ022305_S,TCT, 0.02421875
DQ022305_S,CGA, 0.0015625
DQ022305_S,GCC, 0.009375
DQ084200_S,ATG, 0.01640625
DQ084200_S,AAA, 0.03203125
DQ084200_S,ATT, 0.03359375
DQ084200_S,TTA, 0.01953125
DQ084200_S,TTT, 0.03828125
DQ084200_S,CTT, 0.01875
DQ084200_S,AGC, 0.00703125
DQ084200_S,TAA, 0.0046875
DQ084200_S,GCA, 0.01484375
DQ084200_S,CAG, 0.01328125
DQ084200_S,GAA, 0.01796875
DQ084200_S,TGC, 0.01171875
DQ084200_S,GGT, 0.0203125
DQ084200_S,ATC, 0.01484375
DQ084200_S,TCA, 0.0234375
DQ084200_S,GTA, 0.01328125
DQ084200_S,AAC, 0.015625
DQ084200_S,CGC, 0.00546875
DQ084200_S,CTA, 0.01328125
DQ084200_S,ACA, 0.028125
DQ084200_S,AGT, 0.01171875
DQ084200_S,CTC, 0.0171875
DQ084200_S,TTC, 0.01640625
DQ084200_S,TCG, 0.0046875
DQ084200_S,GGG, 0.003125
DQ084200_S,CGT, 0.00625
DQ084200_S,TGA, 0.00234375
DQ084200_S,CAT, 0.009375
DQ084200_S,CCG, 0.0015625
DQ084200_S,TGT, 0.01796875
DQ084200_S,TAC, 0.0171875
DQ084200_S,ACC, 0.00703125
DQ084200_S,CAC, 0.0046875
DQ084200_S,AGG, 0.0046875
DQ084200_S,ACT, 0.0296875
DQ084200_S,TCC, 0.00625
DQ084200_S,TTG, 0.0140625
DQ084200_S,CAA, 0.0296875
DQ084200_S,TGG, 0.0078125
DQ084200_S,ATA, 0.0125
DQ084200_S,CCT, 0.02109375
DQ084200_S,CCA, 0.0140625
DQ084200_S,TAG, 0.0015625
DQ084200_S,GTG, 0.0125
DQ084200_S,GCG, 0.00234375
DQ084200_S,CTG, 0.009375
DQ084200_S,ACG, 0.00859375
DQ084200_S,GAG, 0.0171875
DQ084200_S,GCT, 0.03671875
DQ084200_S,GGA, 0.01484375
DQ084200_S,GTT, 0.03671875
DQ084200_S,CCC, 0.00390625
DQ084200_S,TAT, 0.02109375
DQ084200_S,AAG, 0.01484375
DQ084200_S,AGA, 0.0140625
DQ084200_S,AAT, 0.0390625
DQ084200_S,GAC, 0.021875
DQ084200_S,GTC, 0.01171875
DQ084200_S,GAT, 0.021875
DQ084200_S,GGC, 0.015625
DQ084200_S,TCT, 0.02421875
DQ084200_S,CGA, 0.0015625
DQ084200_S,GCC, 0.009375
DQ084199_S,ATG, 0.01640625
DQ084199_S,AAA, 0.03203125
DQ084199_S,ATT, 0.03359375
DQ084199_S,TTA, 0.0203125
DQ084199_S,TTT, 0.03984375
DQ084199_S,CTT, 0.01875
DQ084199_S,AGC, 0.00703125
DQ084199_S,TAA, 0.0046875
DQ084199_S,GCA, 0.01484375
DQ084199_S,CAG, 0.01328125
DQ084199_S,GAA, 0.01796875
DQ084199_S,TGC, 0.01171875
DQ084199_S,GGT, 0.0203125
DQ084199_S,ATC, 0.01484375
DQ084199_S,TCA, 0.0234375
DQ084199_S,GTA, 0.01328125
DQ084199_S,AAC, 0.015625
DQ084199_S,CGC, 0.00625
DQ084199_S,CTA, 0.0125
DQ084199_S,ACA, 0.028125
DQ084199_S,AGT, 0.01171875
DQ084199_S,CTC, 0.0171875
DQ084199_S,TTC, 0.015625
DQ084199_S,TCG, 0.0046875
DQ084199_S,GGG, 0.003125
DQ084199_S,CGT, 0.00625
DQ084199_S,TGA, 0.00234375
DQ084199_S,CAT, 0.009375
DQ084199_S,CCG, 0.0015625
DQ084199_S,TGT, 0.01796875
DQ084199_S,TAC, 0.0171875
DQ084199_S,ACC, 0.00703125
DQ084199_S,CAC, 0.0046875
DQ084199_S,AGG, 0.0046875
DQ084199_S,ACT, 0.0296875
DQ084199_S,TCC, 0.00625
DQ084199_S,TTG, 0.0140625
DQ084199_S,CAA, 0.0296875
DQ084199_S,TGG, 0.0078125
DQ084199_S,ATA, 0.0125
DQ084199_S,CCT, 0.02109375
DQ084199_S,CCA, 0.0140625
DQ084199_S,TAG, 0.0015625
DQ084199_S,GTG, 0.0125
DQ084199_S,GCG, 0.00234375
DQ084199_S,CTG, 0.009375
DQ084199_S,ACG, 0.00859375
DQ084199_S,GAG, 0.0171875
DQ084199_S,GCT, 0.03671875
DQ084199_S,GGA, 0.01484375
DQ084199_S,GTT, 0.03671875
DQ084199_S,CCC, 0.00390625
DQ084199_S,TAT, 0.02109375
DQ084199_S,AAG, 0.01484375
DQ084199_S,AGA, 0.0140625
DQ084199_S,AAT, 0.0390625
DQ084199_S,GAC, 0.021875
DQ084199_S,GTC, 0.01171875
DQ084199_S,GAT, 0.021875
DQ084199_S,GGC, 0.015625
DQ084199_S,TCT, 0.0234375
DQ084199_S,CGA, 0.00078125
DQ084199_S,GCC, 0.009375
KP886808_S,ATG, 0.01640625
KP886808_S,AAA, 0.03515625
KP886808_S,ATT, 0.03828125
KP886808_S,TTA, 0.0203125
KP886808_S,TTT, 0.04296875
KP886808_S,CCT, 0.0171875
KP886808_S,AGT, 0.01796875
KP886808_S,TAC, 0.0125
KP886808_S,TCT, 0.0234375
KP886808_S,GCA, 0.021875
KP886808_S,CAA, 0.0296875
KP886808_S,GAA, 0.01484375
KP886808_S,TGT, 0.02265625
KP886808_S,GGT, 0.02109375
KP886808_S,GTA, 0.01015625
KP886808_S,ACC, 0.01015625
KP886808_S,TCA, 0.01953125
KP886808_S,GGA, 0.01328125
KP886808_S,CAC, 0.0046875
KP886808_S,AAC, 0.01640625
KP886808_S,CTA, 0.009375
KP886808_S,AAT, 0.03671875
KP886808_S,ACA, 0.03046875
KP886808_S,CTC, 0.01484375
KP886808_S,TTC, 0.01796875
KP886808_S,TCG, 0.00625
KP886808_S,TAG, 0.00234375
KP886808_S,AGG, 0.0046875
KP886808_S,TAA, 0.00390625
KP886808_S,TGA, 0.003125
KP886808_S,CAT, 0.009375
KP886808_S,ATC, 0.01015625
KP886808_S,TCC, 0.00859375
KP886808_S,ACT, 0.028125
KP886808_S,CAG, 0.015625
KP886808_S,ATA, 0.01328125
KP886808_S,TTG, 0.01484375
KP886808_S,CCA, 0.0171875
KP886808_S,TAT, 0.0265625
KP886808_S,GGG, 0.0046875
KP886808_S,CTG, 0.00703125
KP886808_S,GAG, 0.015625
KP886808_S,GCT, 0.02734375
KP886808_S,GTT, 0.03046875
KP886808_S,GTG, 0.01484375
KP886808_S,AAG, 0.01015625
KP886808_S,CCG, 0.00234375
KP886808_S,CCC, 0.00625
KP886808_S,CTT, 0.02421875
KP886808_S,AGA, 0.01328125
KP886808_S,TGG, 0.00703125
KP886808_S,GCC, 0.01328125
KP886808_S,CGT, 0.00625
KP886808_S,GTC, 0.01484375
KP886808_S,GAT, 0.02421875
KP886808_S,CGA, 0.00234375
KP886808_S,GGC, 0.01484375
KP886808_S,GAC, 0.01875
KP886808_S,CGC, 0.00234375
KP886808_S,TGC, 0.00859375
KP886808_S,ACG, 0.0015625
KP886808_S,CGG, 0.00078125
KP886808_S,AGC, 0.00390625
KP886808_S,GCG, 0.003125
KP886809_S,ATG, 0.01640625
KP886809_S,AAA, 0.03515625
KP886809_S,ATT, 0.03828125
KP886809_S,TTA, 0.0203125
KP886809_S,TTT, 0.04296875
KP886809_S,CCT, 0.0171875
KP886809_S,AGT, 0.01796875
KP886809_S,TAC, 0.0125
KP886809_S,TCT, 0.0234375
KP886809_S,GCA, 0.021875
KP886809_S,CAA, 0.0296875
KP886809_S,GAA, 0.01484375
KP886809_S,TGT, 0.02265625
KP886809_S,GGT, 0.02109375
KP886809_S,GTA, 0.01015625
KP886809_S,ACC, 0.01015625
KP886809_S,TCA, 0.01953125
KP886809_S,GGA, 0.01328125
KP886809_S,CAC, 0.0046875
KP886809_S,AAC, 0.01640625
KP886809_S,CTA, 0.009375
KP886809_S,AAT, 0.03671875
KP886809_S,ACA, 0.03046875
KP886809_S,CTC, 0.01484375
KP886809_S,TTC, 0.0171875
KP886809_S,TCG, 0.00625
KP886809_S,TAG, 0.00234375
KP886809_S,AGG, 0.0046875
KP886809_S,TAA, 0.00390625
KP886809_S,TGA, 0.003125
KP886809_S,CAT, 0.009375
KP886809_S,ATC, 0.01015625
KP886809_S,TCC, 0.00859375
KP886809_S,ACT, 0.028125
KP886809_S,TTG, 0.015625
KP886809_S,CAG, 0.015625
KP886809_S,ATA, 0.01328125
KP886809_S,CCA, 0.0171875
KP886809_S,TAT, 0.0265625
KP886809_S,GGG, 0.0046875
KP886809_S,CTG, 0.00703125
KP886809_S,GAG, 0.015625
KP886809_S,GCT, 0.02734375
KP886809_S,GTT, 0.03046875
KP886809_S,GTG, 0.01484375
KP886809_S,AAG, 0.01015625
KP886809_S,CCG, 0.00234375
KP886809_S,CCC, 0.00625
KP886809_S,CTT, 0.02421875
KP886809_S,AGA, 0.01328125
KP886809_S,TGG, 0.00703125
KP886809_S,GCC, 0.01328125
KP886809_S,CGT, 0.00625
KP886809_S,GTC, 0.01484375
KP886809_S,GAT, 0.02421875
KP886809_S,CGA, 0.00234375
KP886809_S,GGC, 0.01484375
KP886809_S,GAC, 0.01875
KP886809_S,CGC, 0.00234375
KP886809_S,TGC, 0.00859375
KP886809_S,ACG, 0.0015625
KP886809_S,CGG, 0.00078125
KP886809_S,AGC, 0.00390625
KP886809_S,GCG, 0.003125
KU182964_S,ATG, 0.01640625
KU182964_S,TTT, 0.040625
KU182964_S,ATT, 0.03203125
KU182964_S,GTA, 0.01171875
KU182964_S,CTC, 0.015625
KU182964_S,TTA, 0.02578125
KU182964_S,GTT, 0.02578125
KU182964_S,ACA, 0.03125
KU182964_S,CAA, 0.034375
KU182964_S,CTT, 0.025
KU182964_S,TTC, 0.01640625
KU182964_S,CAT, 0.0125
KU182964_S,TCC, 0.0109375
KU182964_S,TAC, 0.01484375
KU182964_S,AAC, 0.01640625
KU182964_S,AGG, 0.00703125
KU182964_S,GCC, 0.0140625
KU182964_S,AAT, 0.03515625
KU182964_S,AGA, 0.009375
KU182964_S,GAA, 0.0171875
KU182964_S,TAA, 0.00234375
KU182964_S,ATC, 0.00703125
KU182964_S,TAG, 0.00390625
KU182964_S,GGG, 0.00390625
KU182964_S,TGT, 0.01953125
KU182964_S,CCC, 0.0046875
KU182964_S,TGA, 0.00234375
KU182964_S,TCG, 0.003125
KU182964_S,GGT, 0.028125
KU182964_S,GAC, 0.02109375
KU182964_S,GCT, 0.02890625
KU182964_S,CCA, 0.01640625
KU182964_S,CGT, 0.00703125
KU182964_S,GGA, 0.01171875
KU182964_S,ACC, 0.00703125
KU182964_S,CTG, 0.0078125
KU182964_S,TCT, 0.02578125
KU182964_S,TGC, 0.01015625
KU182964_S,TTG, 0.01484375
KU182964_S,GGC, 0.01328125
KU182964_S,GTG, 0.01875
KU182964_S,ACT, 0.03203125
KU182964_S,TCA, 0.0140625
KU182964_S,GAG, 0.01328125
KU182964_S,ATA, 0.01484375
KU182964_S,CCG, 0.00234375
KU182964_S,CTA, 0.00703125
KU182964_S,AAG, 0.01484375
KU182964_S,CCT, 0.01875
KU182964_S,CAC, 0.0046875
KU182964_S,AAA, 0.02578125
KU182964_S,TGG, 0.0078125
KU182964_S,AGT, 0.009375
KU182964_S,GAT, 0.02578125
KU182964_S,TAT, 0.0234375
KU182964_S,CAG, 0.01640625
KU182964_S,ACG, 0.00234375
KU182964_S,GCA, 0.01875
KU182964_S,CGA, 0.0015625
KU182964_S,GCG, 0.0046875
KU182964_S,CGC, 0.00234375
KU182964_S,GTC, 0.01640625
KU182964_S,AGC, 0.00625
KU182964_S,CGG, 0.0015625
KY938558_S,ATG, 0.01640625
KY938558_S,TTT, 0.03984375
KY938558_S,ATT, 0.03203125
KY938558_S,GTA, 0.01328125
KY938558_S,CTC, 0.015625
KY938558_S,TTA, 0.02578125
KY938558_S,GTT, 0.02578125
KY938558_S,ACA, 0.03203125
KY938558_S,CAA, 0.03515625
KY938558_S,CTT, 0.025
KY938558_S,TTC, 0.0171875
KY938558_S,CAT, 0.01328125
KY938558_S,TCC, 0.009375
KY938558_S,CAC, 0.00625
KY938558_S,TAC, 0.0125
KY938558_S,AAC, 0.0171875
KY938558_S,AGG, 0.00703125
KY938558_S,GCC, 0.01328125
KY938558_S,AGA, 0.009375
KY938558_S,GAA, 0.0171875
KY938558_S,TAA, 0.00234375
KY938558_S,ATC, 0.00703125
KY938558_S,TAG, 0.00390625
KY938558_S,GGG, 0.00390625
KY938558_S,TGT, 0.01796875
KY938558_S,CCC, 0.00546875
KY938558_S,TGA, 0.00234375
KY938558_S,TCG, 0.00390625
KY938558_S,GGT, 0.028125
KY938558_S,GAC, 0.025
KY938558_S,GCT, 0.02890625
KY938558_S,CCA, 0.015625
KY938558_S,CGT, 0.00703125
KY938558_S,GGA, 0.01171875
KY938558_S,ACC, 0.0078125
KY938558_S,CTG, 0.0078125
KY938558_S,TCT, 0.0265625
KY938558_S,TGC, 0.01171875
KY938558_S,TTG, 0.01484375
KY938558_S,GGC, 0.01328125
KY938558_S,GTG, 0.01875
KY938558_S,ACT, 0.03125
KY938558_S,AAT, 0.034375
KY938558_S,CTA, 0.0078125
KY938558_S,TCA, 0.0140625
KY938558_S,GAG, 0.01328125
KY938558_S,ATA, 0.0140625
KY938558_S,CCG, 0.003125
KY938558_S,AAG, 0.0140625
KY938558_S,CCT, 0.01796875
KY938558_S,AAA, 0.0265625
KY938558_S,TGG, 0.0078125
KY938558_S,AGT, 0.009375
KY938558_S,GCG, 0.00625
KY938558_S,GAT, 0.021875
KY938558_S,TAT, 0.0234375
KY938558_S,CAG, 0.015625
KY938558_S,GCA, 0.0171875
KY938558_S,ACG, 0.0015625
KY938558_S,CGA, 0.0015625
KY938558_S,CGC, 0.00234375
KY938558_S,GTC, 0.015625
KY938558_S,AGC, 0.00625
KY938558_S,CGG, 0.0015625
GU190215_S,ATG, 0.0203125
GU190215_S,AAA, 0.02265625
GU190215_S,TTT, 0.04375
GU190215_S,TTG, 0.015625
GU190215_S,GCT, 0.03203125
GU190215_S,CTC, 0.01015625
GU190215_S,TGT, 0.025
GU190215_S,CTT, 0.0328125
GU190215_S,GGC, 0.01640625
GU190215_S,TGC, 0.00703125
GU190215_S,AAC, 0.02265625
GU190215_S,CAA, 0.01953125
GU190215_S,GAT, 0.0234375
GU190215_S,AAG, 0.0203125
GU190215_S,GGT, 0.028125
GU190215_S,ACA, 0.02890625
GU190215_S,TAT, 0.0203125
GU190215_S,CTA, 0.01640625
GU190215_S,ATA, 0.01875
GU190215_S,GTC, 0.0125
GU190215_S,CAT, 0.0125
GU190215_S,AGC, 0.00703125
GU190215_S,TCA, 0.01796875
GU190215_S,GAC, 0.02578125
GU190215_S,TCC, 0.01328125
GU190215_S,TTC, 0.02109375
GU190215_S,TAG, 0.003125
GU190215_S,GAG, 0.0140625
GU190215_S,GGG, 0.00390625
GU190215_S,TTA, 0.01640625
GU190215_S,TGA, 0.003125
GU190215_S,AAT, 0.0328125
GU190215_S,TCG, 0.00234375
GU190215_S,TAC, 0.01640625
GU190215_S,CAC, 0.00625
GU190215_S,TGG, 0.00625
GU190215_S,ATT, 0.03984375
GU190215_S,ACC, 0.009375
GU190215_S,TAA, 0.00234375
GU190215_S,AGT, 0.01484375
GU190215_S,GTA, 0.0109375
GU190215_S,AGA, 0.0109375
GU190215_S,GGA, 0.01171875
GU190215_S,ATC, 0.00625
GU190215_S,CCA, 0.0109375
GU190215_S,ACT, 0.02734375
GU190215_S,GTG, 0.0171875
GU190215_S,CCG, 0.00234375
GU190215_S,GTT, 0.03046875
GU190215_S,CGA, 0.003125
GU190215_S,CTG, 0.00703125
GU190215_S,TCT, 0.021875
GU190215_S,CCT, 0.02265625
GU190215_S,CGG, 0.00078125
GU190215_S,GCA, 0.01328125
GU190215_S,AGG, 0.003125
GU190215_S,GAA, 0.01796875
GU190215_S,CCC, 0.00234375
GU190215_S,GCC, 0.01171875
GU190215_S,CGT, 0.00625
GU190215_S,CAG, 0.02265625
GU190215_S,GCG, 0.00390625
GU190215_S,CGC, 0.00234375
GU190215_S,ACG, 0.0046875
KY352407_S,ATG, 0.01875
KY352407_S,AAA, 0.0296875
KY352407_S,TTT, 0.04296875
KY352407_S,TTC, 0.01796875
KY352407_S,ATC, 0.0140625
KY352407_S,TTA, 0.025
KY352407_S,CTC, 0.00859375
KY352407_S,AGT, 0.0140625
KY352407_S,CAT, 0.01171875
KY352407_S,ACT, 0.02890625
KY352407_S,GCC, 0.009375
KY352407_S,CAA, 0.02578125
KY352407_S,GAA, 0.021875
KY352407_S,TGT, 0.02578125
KY352407_S,GGC, 0.01640625
KY352407_S,ATA, 0.02109375
KY352407_S,TGA, 0.003125
KY352407_S,GTA, 0.01640625
KY352407_S,AGA, 0.0171875
KY352407_S,AAT, 0.040625
KY352407_S,CCA, 0.0140625
KY352407_S,GCT, 0.03046875
KY352407_S,TAC, 0.01796875
KY352407_S,TCA, 0.01953125
KY352407_S,TAG, 0.00234375
KY352407_S,GAG, 0.0109375
KY352407_S,AGG, 0.0046875
KY352407_S,CAC, 0.0046875
KY352407_S,ATT, 0.034375
KY352407_S,TCG, 0.003125
KY352407_S,GTT, 0.0375
KY352407_S,GAC, 0.01953125
KY352407_S,TCT, 0.02734375
KY352407_S,TGC, 0.0078125
KY352407_S,CTT, 0.0296875
KY352407_S,CTG, 0.00390625
KY352407_S,CAG, 0.02109375
KY352407_S,TTG, 0.01015625
KY352407_S,ACA, 0.02265625
KY352407_S,CGG, 0.0015625
KY352407_S,GGT, 0.03125
KY352407_S,ACG, 0.003125
KY352407_S,GCG, 0.0015625
KY352407_S,GGA, 0.01015625
KY352407_S,CTA, 0.009375
KY352407_S,CCG, 0.0015625
KY352407_S,AAG, 0.0140625
KY352407_S,TGG, 0.00703125
KY352407_S,GGG, 0.00234375
KY352407_S,GTG, 0.0140625
KY352407_S,ACC, 0.0109375
KY352407_S,GTC, 0.01171875
KY352407_S,TCC, 0.009375
KY352407_S,GAT, 0.028125
KY352407_S,TAT, 0.0265625
KY352407_S,CCT, 0.02265625
KY352407_S,GCA, 0.0140625
KY352407_S,AAC, 0.0125
KY352407_S,AGC, 0.003125
KY352407_S,CGT, 0.00234375
KY352407_S,CGC, 0.0015625
KY352407_S,CCC, 0.0015625
KY352407_S,TAA, 0.00078125
