MW064314_S,ATG,0.01098901098901099
MW064314_S,TTT,0.04631083202511774
MW064314_S,GTT,0.03767660910518053
MW064314_S,CTT,0.0282574568288854
MW064314_S,TTA,0.02197802197802198
MW064314_S,TTG,0.015698587127158554
MW064314_S,CCA,0.019623233908948195
MW064314_S,CTA,0.00706436420722135
MW064314_S,GTC,0.016483516483516484
MW064314_S,TCT,0.029042386185243328
MW064314_S,AGT,0.013343799058084773
MW064314_S,CAG,0.012558869701726845
MW064314_S,TGT,0.02197802197802198
MW064314_S,AAT,0.0423861852433281
MW064314_S,ACA,0.03139717425431711
MW064314_S,ACC,0.007849293563579277
MW064314_S,AGA,0.015698587127158554
MW064314_S,ACT,0.03453689167974882
MW064314_S,CAA,0.03610675039246468
MW064314_S,CCC,0.0031397174254317113
MW064314_S,CCT,0.022762951334379906
MW064314_S,GCA,0.02119309262166405
MW064314_S,TAC,0.01098901098901099
MW064314_S,TTC,0.0141287284144427
MW064314_S,CGT,0.00706436420722135
MW064314_S,GGT,0.03767660910518053
MW064314_S,TAT,0.03139717425431711
MW064314_S,GAC,0.014913657770800628
MW064314_S,AAA,0.029827315541601257
MW064314_S,TCC,0.009419152276295133
MW064314_S,TCA,0.02040816326530612
MW064314_S,CAT,0.01020408163265306
MW064314_S,TGG,0.009419152276295133
MW064314_S,GCT,0.03296703296703297
MW064314_S,ATA,0.0141287284144427
MW064314_S,GGG,0.002354788069073783
MW064314_S,AAG,0.01805337519623234
MW064314_S,AGG,0.007849293563579277
MW064314_S,GAT,0.03296703296703297
MW064314_S,AAC,0.026687598116169546
MW064314_S,GAG,0.01098901098901099
MW064314_S,GGC,0.011773940345368918
MW064314_S,ATT,0.03453689167974882
MW064314_S,TCG,0.0015698587127158557
MW064314_S,GAA,0.026687598116169546
MW064314_S,CAC,0.0031397174254317113
MW064314_S,GCG,0.0015698587127158557
MW064314_S,TGC,0.009419152276295133
MW064314_S,GGA,0.013343799058084773
MW064314_S,GTG,0.01020408163265306
MW064314_S,ACG,0.002354788069073783
MW064314_S,CTC,0.009419152276295133
MW064314_S,GTA,0.011773940345368918
MW064314_S,ATC,0.01098901098901099
MW064314_S,GCC,0.006279434850863423
MW064314_S,AGC,0.003924646781789639
MW064314_S,CTG,0.002354788069073783
MW064314_S,CGG,0.0015698587127158557
MW064314_S,CGC,0.0007849293563579278
MW064314_S,TAA,0.0007849293563579278
MW190194_S,ATG,0.01098901098901099
MW190194_S,TTT,0.04631083202511774
MW190194_S,GTT,0.03767660910518053
MW190194_S,CTT,0.0282574568288854
MW190194_S,TTA,0.02197802197802198
MW190194_S,TTG,0.015698587127158554
MW190194_S,CCA,0.019623233908948195
MW190194_S,CTA,0.00706436420722135
MW190194_S,GTC,0.016483516483516484
MW190194_S,TCT,0.029042386185243328
MW190194_S,AGT,0.013343799058084773
MW190194_S,CAG,0.012558869701726845
MW190194_S,TGT,0.02197802197802198
MW190194_S,AAT,0.0423861852433281
MW190194_S,ACA,0.03139717425431711
MW190194_S,ACC,0.007849293563579277
MW190194_S,AGA,0.015698587127158554
MW190194_S,ACT,0.03453689167974882
MW190194_S,CAA,0.03610675039246468
MW190194_S,CCC,0.0031397174254317113
MW190194_S,CCT,0.022762951334379906
MW190194_S,GCA,0.02119309262166405
MW190194_S,TAC,0.01098901098901099
MW190194_S,TTC,0.0141287284144427
MW190194_S,CGT,0.00706436420722135
MW190194_S,GGT,0.03767660910518053
MW190194_S,TAT,0.03139717425431711
MW190194_S,GAC,0.014913657770800628
MW190194_S,AAA,0.029827315541601257
MW190194_S,TCC,0.009419152276295133
MW190194_S,TCA,0.02040816326530612
MW190194_S,CAT,0.01020408163265306
MW190194_S,TGG,0.009419152276295133
MW190194_S,GCT,0.03296703296703297
MW190194_S,ATA,0.0141287284144427
MW190194_S,GGG,0.002354788069073783
MW190194_S,AAG,0.01805337519623234
MW190194_S,AGG,0.007849293563579277
MW190194_S,GAT,0.03296703296703297
MW190194_S,AAC,0.026687598116169546
MW190194_S,GAG,0.01098901098901099
MW190194_S,GGC,0.011773940345368918
MW190194_S,ATT,0.03453689167974882
MW190194_S,TCG,0.0015698587127158557
MW190194_S,GAA,0.026687598116169546
MW190194_S,CAC,0.0031397174254317113
MW190194_S,GCG,0.0015698587127158557
MW190194_S,TGC,0.009419152276295133
MW190194_S,GGA,0.013343799058084773
MW190194_S,GTG,0.01020408163265306
MW190194_S,ACG,0.002354788069073783
MW190194_S,CTC,0.009419152276295133
MW190194_S,GTA,0.011773940345368918
MW190194_S,ATC,0.01098901098901099
MW190194_S,GCC,0.006279434850863423
MW190194_S,AGC,0.003924646781789639
MW190194_S,CTG,0.002354788069073783
MW190194_S,CGG,0.0015698587127158557
MW190194_S,CGC,0.0007849293563579278
MW190194_S,TAA,0.0007849293563579278
MW190821_S,ATG,0.01098901098901099
MW190821_S,TTT,0.04631083202511774
MW190821_S,GTT,0.03767660910518053
MW190821_S,CTT,0.0282574568288854
MW190821_S,TTA,0.02197802197802198
MW190821_S,TTG,0.015698587127158554
MW190821_S,CCA,0.019623233908948195
MW190821_S,CTA,0.00706436420722135
MW190821_S,GTC,0.016483516483516484
MW190821_S,TCT,0.029042386185243328
MW190821_S,AGT,0.013343799058084773
MW190821_S,CAG,0.012558869701726845
MW190821_S,TGT,0.02197802197802198
MW190821_S,AAT,0.0423861852433281
MW190821_S,ACA,0.03139717425431711
MW190821_S,ACC,0.007849293563579277
MW190821_S,AGA,0.015698587127158554
MW190821_S,ACT,0.03453689167974882
MW190821_S,CAA,0.03610675039246468
MW190821_S,CCC,0.0031397174254317113
MW190821_S,CCT,0.022762951334379906
MW190821_S,GCA,0.02119309262166405
MW190821_S,TAC,0.01098901098901099
MW190821_S,TTC,0.0141287284144427
MW190821_S,CGT,0.00706436420722135
MW190821_S,GGT,0.03767660910518053
MW190821_S,TAT,0.03139717425431711
MW190821_S,GAC,0.014913657770800628
MW190821_S,AAA,0.029827315541601257
MW190821_S,TCC,0.009419152276295133
MW190821_S,TCA,0.02040816326530612
MW190821_S,CAT,0.01020408163265306
MW190821_S,TGG,0.009419152276295133
MW190821_S,GCT,0.03296703296703297
MW190821_S,ATA,0.0141287284144427
MW190821_S,GGG,0.002354788069073783
MW190821_S,AAG,0.01805337519623234
MW190821_S,AGG,0.007849293563579277
MW190821_S,GAT,0.03296703296703297
MW190821_S,AAC,0.026687598116169546
MW190821_S,GAG,0.01098901098901099
MW190821_S,GGC,0.011773940345368918
MW190821_S,ATT,0.03453689167974882
MW190821_S,TCG,0.0015698587127158557
MW190821_S,GAA,0.026687598116169546
MW190821_S,CAC,0.0031397174254317113
MW190821_S,GCG,0.0015698587127158557
MW190821_S,TGC,0.009419152276295133
MW190821_S,GGA,0.013343799058084773
MW190821_S,GTG,0.01020408163265306
MW190821_S,ACG,0.002354788069073783
MW190821_S,CTC,0.009419152276295133
MW190821_S,GTA,0.011773940345368918
MW190821_S,ATC,0.01098901098901099
MW190821_S,GCC,0.006279434850863423
MW190821_S,AGC,0.003924646781789639
MW190821_S,CTG,0.002354788069073783
MW190821_S,CGG,0.0015698587127158557
MW190821_S,CGC,0.0007849293563579278
MW190821_S,TAA,0.0007849293563579278
MW264435_S,ATG,0.01098901098901099
MW264435_S,TTT,0.04631083202511774
MW264435_S,GTT,0.03767660910518053
MW264435_S,CTT,0.0282574568288854
MW264435_S,TTA,0.02197802197802198
MW264435_S,TTG,0.015698587127158554
MW264435_S,CCA,0.019623233908948195
MW264435_S,CTA,0.00706436420722135
MW264435_S,GTC,0.016483516483516484
MW264435_S,TCT,0.029042386185243328
MW264435_S,AGT,0.013343799058084773
MW264435_S,CAG,0.012558869701726845
MW264435_S,TGT,0.02197802197802198
MW264435_S,AAT,0.0423861852433281
MW264435_S,ACA,0.03139717425431711
MW264435_S,ACC,0.007849293563579277
MW264435_S,AGA,0.015698587127158554
MW264435_S,ACT,0.03453689167974882
MW264435_S,CAA,0.03610675039246468
MW264435_S,CCC,0.0031397174254317113
MW264435_S,CCT,0.022762951334379906
MW264435_S,GCA,0.02119309262166405
MW264435_S,TAC,0.01098901098901099
MW264435_S,TTC,0.0141287284144427
MW264435_S,CGT,0.00706436420722135
MW264435_S,GGT,0.03767660910518053
MW264435_S,TAT,0.03139717425431711
MW264435_S,GAC,0.014913657770800628
MW264435_S,AAA,0.029827315541601257
MW264435_S,TCC,0.009419152276295133
MW264435_S,TCA,0.02040816326530612
MW264435_S,CAT,0.01020408163265306
MW264435_S,TGG,0.009419152276295133
MW264435_S,GCT,0.03296703296703297
MW264435_S,ATA,0.0141287284144427
MW264435_S,GGG,0.002354788069073783
MW264435_S,AAG,0.01805337519623234
MW264435_S,AGG,0.007849293563579277
MW264435_S,GAT,0.03296703296703297
MW264435_S,AAC,0.026687598116169546
MW264435_S,GAG,0.01098901098901099
MW264435_S,GGC,0.011773940345368918
MW264435_S,ATT,0.03453689167974882
MW264435_S,TCG,0.0015698587127158557
MW264435_S,GAA,0.026687598116169546
MW264435_S,CAC,0.0031397174254317113
MW264435_S,GCG,0.0015698587127158557
MW264435_S,TGC,0.009419152276295133
MW264435_S,GGA,0.013343799058084773
MW264435_S,GTG,0.01020408163265306
MW264435_S,ACG,0.002354788069073783
MW264435_S,CTC,0.009419152276295133
MW264435_S,GTA,0.011773940345368918
MW264435_S,ATC,0.01098901098901099
MW264435_S,GCC,0.006279434850863423
MW264435_S,AGC,0.003924646781789639
MW264435_S,CTG,0.002354788069073783
MW264435_S,CGG,0.0015698587127158557
MW264435_S,CGC,0.0007849293563579278
MW264435_S,TAA,0.0007849293563579278
