site_pos,ref_AA,class_1_prob,class_2_prob,most_prob_class,mean_dN/dS
1,M,0.84763,0.15237,1,0.235
2,F,0.84763,0.15237,1,0.235
3,V,0.84763,0.15237,1,0.235
4,F,0.84763,0.15237,1,0.235
5,L,0.84763,0.15237,1,0.235
6,V,0.84763,0.15237,1,0.235
7,L,0.84763,0.15237,1,0.235
8,L,0.84763,0.15237,1,0.235
9,P,0.84763,0.15237,1,0.235
10,L,0.84763,0.15237,1,0.235
11,V,0.84763,0.15237,1,0.235
12,S,0.84763,0.15237,1,0.235
13,S,0.84763,0.15237,1,0.235
14,Q,0.84763,0.15237,1,0.235
15,C,0.84763,0.15237,1,0.235
16,V,0.84763,0.15237,1,0.235
17,N,0.84764,0.15236,1,0.235
18,L,0.84763,0.15237,1,0.235
19,T,0.84763,0.15237,1,0.235
20,T,0.84763,0.15237,1,0.235
21,R,0.84763,0.15237,1,0.235
22,T,0.84763,0.15237,1,0.235
23,Q,0.84763,0.15237,1,0.235
24,L,0.84763,0.15237,1,0.235
25,P,0.84763,0.15237,1,0.235
26,P,0.84763,0.15237,1,0.235
27,A,0.84763,0.15237,1,0.235
28,Y,0.84763,0.15237,1,0.235
29,T,0.84763,0.15237,1,0.235
30,N,0.84764,0.15236,1,0.235
31,S,0.84763,0.15237,1,0.235
32,F,0.84763,0.15237,1,0.235
33,T,0.84763,0.15237,1,0.235
34,R,0.84763,0.15237,1,0.235
35,G,0.84763,0.15237,1,0.235
36,V,0.84763,0.15237,1,0.235
37,Y,0.84763,0.15237,1,0.235
38,Y,0.84763,0.15237,1,0.235
39,P,0.84763,0.15237,1,0.235
40,D,0.84763,0.15237,1,0.235
41,K,0.84763,0.15237,1,0.235
42,V,0.84763,0.15237,1,0.235
43,F,0.84763,0.15237,1,0.235
44,R,0.84763,0.15237,1,0.235
45,S,0.84763,0.15237,1,0.235
46,S,0.84763,0.15237,1,0.235
47,V,0.84763,0.15237,1,0.235
48,L,0.84763,0.15237,1,0.235
49,H,0.84763,0.15237,1,0.235
50,S,0.84763,0.15237,1,0.235
51,T,0.84763,0.15237,1,0.235
52,Q,0.84763,0.15237,1,0.235
53,D,0.84763,0.15237,1,0.235
54,L,0.84763,0.15237,1,0.235
55,F,0.84763,0.15237,1,0.235
56,L,0.84763,0.15237,1,0.235
57,P,0.84763,0.15237,1,0.235
58,F,0.84763,0.15237,1,0.235
59,F,0.84763,0.15237,1,0.235
60,S,0.84763,0.15237,1,0.235
61,N,0.84764,0.15236,1,0.235
62,V,0.84763,0.15237,1,0.235
63,T,0.84763,0.15237,1,0.235
64,W,0.84763,0.15237,1,0.235
65,F,0.84763,0.15237,1,0.235
66,H,0.84763,0.15237,1,0.235
67,A,0.84763,0.15237,1,0.235
68,I,0.84763,0.15237,1,0.235
69,H,0.84763,0.15237,1,0.235
70,V,0.84763,0.15237,1,0.235
71,S,0.84763,0.15237,1,0.235
72,G,0.84763,0.15237,1,0.235
73,T,0.84763,0.15237,1,0.235
74,N,0.84764,0.15236,1,0.235
75,G,0.84763,0.15237,1,0.235
76,T,0.84763,0.15237,1,0.235
77,K,0.84763,0.15237,1,0.235
78,R,0.84763,0.15237,1,0.235
79,F,0.84763,0.15237,1,0.235
80,D,0.84763,0.15237,1,0.235
81,N,0.84763,0.15237,1,0.235
82,P,0.84763,0.15237,1,0.235
83,V,0.84763,0.15237,1,0.235
84,L,0.84763,0.15237,1,0.235
85,P,0.84763,0.15237,1,0.235
86,F,0.84763,0.15237,1,0.235
87,N,0.84764,0.15236,1,0.235
88,D,0.84763,0.15237,1,0.235
89,G,0.84763,0.15237,1,0.235
90,V,0.84763,0.15237,1,0.235
91,Y,0.84763,0.15237,1,0.235
92,F,0.84763,0.15237,1,0.235
93,A,0.84763,0.15237,1,0.235
94,S,0.84763,0.15237,1,0.235
95,T,0.84763,0.15237,1,0.235
96,E,0.84763,0.15237,1,0.235
97,K,0.84763,0.15237,1,0.235
98,S,0.84763,0.15237,1,0.235
99,N,0.84763,0.15237,1,0.235
100,I,0.84763,0.15237,1,0.235
101,I,0.84763,0.15237,1,0.235
102,R,0.84763,0.15237,1,0.235
103,G,0.84763,0.15237,1,0.235
104,W,0.84763,0.15237,1,0.235
105,I,0.84763,0.15237,1,0.235
106,F,0.84763,0.15237,1,0.235
107,G,0.84763,0.15237,1,0.235
108,T,0.84763,0.15237,1,0.235
109,T,0.84763,0.15237,1,0.235
110,L,0.84763,0.15237,1,0.235
111,D,0.84763,0.15237,1,0.235
112,S,0.84763,0.15237,1,0.235
113,K,0.84763,0.15237,1,0.235
114,T,0.84763,0.15237,1,0.235
115,Q,0.84763,0.15237,1,0.235
116,S,0.84763,0.15237,1,0.235
117,L,0.84763,0.15237,1,0.235
118,L,0.84763,0.15237,1,0.235
119,I,0.84763,0.15237,1,0.235
120,V,0.84763,0.15237,1,0.235
121,N,0.84764,0.15236,1,0.235
122,N,0.84763,0.15237,1,0.235
123,A,0.84763,0.15237,1,0.235
124,T,0.84763,0.15237,1,0.235
125,N,0.84764,0.15236,1,0.235
126,V,0.84763,0.15237,1,0.235
127,V,0.84763,0.15237,1,0.235
128,I,0.84763,0.15237,1,0.235
129,K,0.84763,0.15237,1,0.235
130,V,0.84763,0.15237,1,0.235
131,C,0.84763,0.15237,1,0.235
132,E,0.84763,0.15237,1,0.235
133,F,0.84763,0.15237,1,0.235
134,Q,0.84763,0.15237,1,0.235
135,F,0.84763,0.15237,1,0.235
136,C,0.84763,0.15237,1,0.235
137,N,0.84764,0.15236,1,0.235
138,D,0.84763,0.15237,1,0.235
139,P,0.84763,0.15237,1,0.235
140,F,0.84763,0.15237,1,0.235
141,L,0.84763,0.15237,1,0.235
142,G,0.84763,0.15237,1,0.235
143,V,0.84763,0.15237,1,0.235
144,Y,0.84763,0.15237,1,0.235
145,Y,0.84763,0.15237,1,0.235
146,H,0.84763,0.15237,1,0.235
147,K,0.84763,0.15237,1,0.235
148,N,0.84763,0.15237,1,0.235
149,N,0.84763,0.15237,1,0.235
150,K,0.84763,0.15237,1,0.235
151,S,0.84763,0.15237,1,0.235
152,W,0.84763,0.15237,1,0.235
153,M,0.84763,0.15237,1,0.235
154,E,0.84763,0.15237,1,0.235
155,S,0.84763,0.15237,1,0.235
156,E,0.84763,0.15237,1,0.235
157,F,0.84763,0.15237,1,0.235
158,R,0.84763,0.15237,1,0.235
159,V,0.84763,0.15237,1,0.235
160,Y,0.84763,0.15237,1,0.235
161,S,0.84763,0.15237,1,0.235
162,S,0.84763,0.15237,1,0.235
163,A,0.84763,0.15237,1,0.235
164,N,0.84764,0.15236,1,0.235
165,N,0.84764,0.15236,1,0.235
166,C,0.84763,0.15237,1,0.235
167,T,0.84763,0.15237,1,0.235
168,F,0.84763,0.15237,1,0.235
169,E,0.84763,0.15237,1,0.235
170,Y,0.84763,0.15237,1,0.235
171,V,0.84763,0.15237,1,0.235
172,S,0.84763,0.15237,1,0.235
173,Q,0.84763,0.15237,1,0.235
174,P,0.84763,0.15237,1,0.235
175,F,0.84763,0.15237,1,0.235
176,L,0.84763,0.15237,1,0.235
177,M,0.84763,0.15237,1,0.235
178,D,0.84763,0.15237,1,0.235
179,L,0.84763,0.15237,1,0.235
180,E,0.84763,0.15237,1,0.235
181,G,0.84763,0.15237,1,0.235
182,K,0.84763,0.15237,1,0.235
183,Q,0.84763,0.15237,1,0.235
184,G,0.84763,0.15237,1,0.235
185,N,0.84764,0.15236,1,0.235
186,F,0.84763,0.15237,1,0.235
187,K,0.84763,0.15237,1,0.235
188,N,0.84764,0.15236,1,0.235
189,L,0.84763,0.15237,1,0.235
190,R,0.84763,0.15237,1,0.235
191,E,0.84763,0.15237,1,0.235
192,F,0.84763,0.15237,1,0.235
193,V,0.84763,0.15237,1,0.235
194,F,0.84763,0.15237,1,0.235
195,K,0.84763,0.15237,1,0.235
196,N,0.84764,0.15236,1,0.235
197,I,0.84763,0.15237,1,0.235
198,D,0.84763,0.15237,1,0.235
199,G,0.84763,0.15237,1,0.235
200,Y,0.84763,0.15237,1,0.235
201,F,0.84763,0.15237,1,0.235
202,K,0.84763,0.15237,1,0.235
203,I,0.84763,0.15237,1,0.235
204,Y,0.84763,0.15237,1,0.235
205,S,0.84763,0.15237,1,0.235
206,K,0.84763,0.15237,1,0.235
207,H,0.84763,0.15237,1,0.235
208,T,0.84763,0.15237,1,0.235
209,P,0.84763,0.15237,1,0.235
210,I,0.84763,0.15237,1,0.235
211,N,0.84764,0.15236,1,0.235
212,L,0.84763,0.15237,1,0.235
213,V,0.84763,0.15237,1,0.235
214,R,0.84763,0.15237,1,0.235
215,D,0.84763,0.15237,1,0.235
216,L,0.84763,0.15237,1,0.235
217,P,0.84763,0.15237,1,0.235
218,Q,0.84763,0.15237,1,0.235
219,G,0.84763,0.15237,1,0.235
220,F,0.84763,0.15237,1,0.235
221,S,0.84763,0.15237,1,0.235
222,A,0.84763,0.15237,1,0.235
223,L,0.84763,0.15237,1,0.235
224,E,0.84763,0.15237,1,0.235
225,P,0.84763,0.15237,1,0.235
226,L,0.84763,0.15237,1,0.235
227,V,0.84763,0.15237,1,0.235
228,D,0.84763,0.15237,1,0.235
229,L,0.84763,0.15237,1,0.235
230,P,0.84763,0.15237,1,0.235
231,I,0.84763,0.15237,1,0.235
232,G,0.84763,0.15237,1,0.235
233,I,0.84763,0.15237,1,0.235
234,N,0.84763,0.15237,1,0.235
235,I,0.84763,0.15237,1,0.235
236,T,0.84763,0.15237,1,0.235
237,R,0.84763,0.15237,1,0.235
238,F,0.84763,0.15237,1,0.235
239,Q,0.84763,0.15237,1,0.235
240,T,0.84763,0.15237,1,0.235
241,L,0.84763,0.15237,1,0.235
242,L,0.84763,0.15237,1,0.235
243,A,0.84763,0.15237,1,0.235
244,L,0.84763,0.15237,1,0.235
245,H,0.84763,0.15237,1,0.235
246,R,0.84763,0.15237,1,0.235
247,S,0.84763,0.15237,1,0.235
248,Y,0.84763,0.15237,1,0.235
249,L,0.84763,0.15237,1,0.235
250,T,0.84763,0.15237,1,0.235
251,P,0.84763,0.15237,1,0.235
252,G,0.84763,0.15237,1,0.235
253,D,0.84763,0.15237,1,0.235
254,S,0.84763,0.15237,1,0.235
255,S,0.84763,0.15237,1,0.235
256,S,0.84763,0.15237,1,0.235
257,G,0.84763,0.15237,1,0.235
258,W,0.84763,0.15237,1,0.235
259,T,0.84763,0.15237,1,0.235
260,A,0.84763,0.15237,1,0.235
261,G,0.84763,0.15237,1,0.235
262,A,0.84763,0.15237,1,0.235
263,A,0.84763,0.15237,1,0.235
264,A,0.84763,0.15237,1,0.235
265,Y,0.84763,0.15237,1,0.235
266,Y,0.84763,0.15237,1,0.235
267,V,0.84763,0.15237,1,0.235
268,G,0.84763,0.15237,1,0.235
269,Y,0.84763,0.15237,1,0.235
270,L,0.84763,0.15237,1,0.235
271,Q,0.84763,0.15237,1,0.235
272,P,0.84763,0.15237,1,0.235
273,R,0.84763,0.15237,1,0.235
274,T,0.84763,0.15237,1,0.235
275,F,0.84763,0.15237,1,0.235
276,L,0.84763,0.15237,1,0.235
277,L,0.84763,0.15237,1,0.235
278,K,0.84763,0.15237,1,0.235
279,Y,0.84763,0.15237,1,0.235
280,N,0.84764,0.15236,1,0.235
281,E,0.84763,0.15237,1,0.235
282,N,0.84764,0.15236,1,0.235
283,G,0.84763,0.15237,1,0.235
284,T,0.84763,0.15237,1,0.235
285,I,0.84763,0.15237,1,0.235
286,T,0.84763,0.15237,1,0.235
287,D,0.84763,0.15237,1,0.235
288,A,0.84763,0.15237,1,0.235
289,V,0.84763,0.15237,1,0.235
290,D,0.84763,0.15237,1,0.235
291,C,0.84763,0.15237,1,0.235
292,A,0.84763,0.15237,1,0.235
293,L,0.84763,0.15237,1,0.235
294,D,0.84763,0.15237,1,0.235
295,P,0.84763,0.15237,1,0.235
296,L,0.84763,0.15237,1,0.235
297,S,0.84763,0.15237,1,0.235
298,E,0.84763,0.15237,1,0.235
299,T,0.84763,0.15237,1,0.235
300,K,0.84763,0.15237,1,0.235
301,C,0.84763,0.15237,1,0.235
302,T,0.84763,0.15237,1,0.235
303,L,0.84763,0.15237,1,0.235
304,K,0.84763,0.15237,1,0.235
305,S,0.84763,0.15237,1,0.235
306,F,0.84763,0.15237,1,0.235
307,T,0.84763,0.15237,1,0.235
308,V,0.84763,0.15237,1,0.235
309,E,0.84763,0.15237,1,0.235
310,K,0.84763,0.15237,1,0.235
311,G,0.84763,0.15237,1,0.235
312,I,0.84763,0.15237,1,0.235
313,Y,0.84763,0.15237,1,0.235
314,Q,0.84763,0.15237,1,0.235
315,T,0.84763,0.15237,1,0.235
316,S,0.84763,0.15237,1,0.235
317,N,0.84763,0.15237,1,0.235
318,F,0.84763,0.15237,1,0.235
319,R,0.84763,0.15237,1,0.235
320,V,0.84763,0.15237,1,0.235
321,Q,0.84763,0.15237,1,0.235
322,P,0.84763,0.15237,1,0.235
323,T,0.84763,0.15237,1,0.235
324,E,0.84763,0.15237,1,0.235
325,S,0.84763,0.15237,1,0.235
326,I,0.84763,0.15237,1,0.235
327,V,0.84763,0.15237,1,0.235
328,R,0.84763,0.15237,1,0.235
329,F,0.84763,0.15237,1,0.235
330,P,0.84763,0.15237,1,0.235
331,N,0.84764,0.15236,1,0.235
332,I,0.84763,0.15237,1,0.235
333,T,0.84763,0.15237,1,0.235
334,N,0.84763,0.15237,1,0.235
335,L,0.84763,0.15237,1,0.235
336,C,0.84763,0.15237,1,0.235
337,P,0.84763,0.15237,1,0.235
338,F,0.84763,0.15237,1,0.235
339,G,0.84763,0.15237,1,0.235
340,E,0.84763,0.15237,1,0.235
341,V,0.84763,0.15237,1,0.235
342,F,0.84763,0.15237,1,0.235
343,N,0.84763,0.15237,1,0.235
344,A,0.84763,0.15237,1,0.235
345,T,0.84763,0.15237,1,0.235
346,R,0.84763,0.15237,1,0.235
347,F,0.84763,0.15237,1,0.235
348,A,0.84763,0.15237,1,0.235
349,S,0.84763,0.15237,1,0.235
350,V,0.84763,0.15237,1,0.235
351,Y,0.84763,0.15237,1,0.235
352,A,0.84763,0.15237,1,0.235
353,W,0.84763,0.15237,1,0.235
354,N,0.84763,0.15237,1,0.235
355,R,0.84763,0.15237,1,0.235
356,K,0.84763,0.15237,1,0.235
357,R,0.84763,0.15237,1,0.235
358,I,0.84763,0.15237,1,0.235
359,S,0.84763,0.15237,1,0.235
360,N,0.84763,0.15237,1,0.235
361,C,0.84763,0.15237,1,0.235
362,V,0.84763,0.15237,1,0.235
363,A,0.84763,0.15237,1,0.235
364,D,0.84763,0.15237,1,0.235
365,Y,0.84763,0.15237,1,0.235
366,S,0.84763,0.15237,1,0.235
367,V,0.84763,0.15237,1,0.235
368,L,0.84763,0.15237,1,0.235
369,Y,0.84763,0.15237,1,0.235
370,N,0.84764,0.15236,1,0.235
371,S,0.84763,0.15237,1,0.235
372,A,0.84763,0.15237,1,0.235
373,S,0.84763,0.15237,1,0.235
374,F,0.84763,0.15237,1,0.235
375,S,0.84763,0.15237,1,0.235
376,T,0.84763,0.15237,1,0.235
377,F,0.84763,0.15237,1,0.235
378,K,0.84763,0.15237,1,0.235
379,C,0.84763,0.15237,1,0.235
380,Y,0.84763,0.15237,1,0.235
381,G,0.84763,0.15237,1,0.235
382,V,0.84763,0.15237,1,0.235
383,S,0.84763,0.15237,1,0.235
384,P,0.84763,0.15237,1,0.235
385,T,0.84763,0.15237,1,0.235
386,K,0.84763,0.15237,1,0.235
387,L,0.84763,0.15237,1,0.235
388,N,0.84764,0.15236,1,0.235
389,D,0.84763,0.15237,1,0.235
390,L,0.84763,0.15237,1,0.235
391,C,0.84763,0.15237,1,0.235
392,F,0.84763,0.15237,1,0.235
393,T,0.84763,0.15237,1,0.235
394,N,0.84764,0.15236,1,0.235
395,V,0.84763,0.15237,1,0.235
396,Y,0.84763,0.15237,1,0.235
397,A,0.84763,0.15237,1,0.235
398,D,0.84763,0.15237,1,0.235
399,S,0.84763,0.15237,1,0.235
400,F,0.84763,0.15237,1,0.235
401,V,0.84763,0.15237,1,0.235
402,I,0.84763,0.15237,1,0.235
403,R,0.84763,0.15237,1,0.235
404,G,0.84763,0.15237,1,0.235
405,D,0.84763,0.15237,1,0.235
406,E,0.84763,0.15237,1,0.235
407,V,0.84763,0.15237,1,0.235
408,R,0.84763,0.15237,1,0.235
409,Q,0.84763,0.15237,1,0.235
410,I,0.84763,0.15237,1,0.235
411,A,0.84763,0.15237,1,0.235
412,P,0.84763,0.15237,1,0.235
413,G,0.84763,0.15237,1,0.235
414,Q,0.84763,0.15237,1,0.235
415,T,0.84763,0.15237,1,0.235
416,G,0.84763,0.15237,1,0.235
417,K,0.84763,0.15237,1,0.235
418,I,0.84763,0.15237,1,0.235
419,A,0.84763,0.15237,1,0.235
420,D,0.84763,0.15237,1,0.235
421,Y,0.84763,0.15237,1,0.235
422,N,0.84764,0.15236,1,0.235
423,Y,0.84763,0.15237,1,0.235
424,K,0.84763,0.15237,1,0.235
425,L,0.84763,0.15237,1,0.235
426,P,0.84763,0.15237,1,0.235
427,D,0.84763,0.15237,1,0.235
428,D,0.84763,0.15237,1,0.235
429,F,0.84763,0.15237,1,0.235
430,T,0.84763,0.15237,1,0.235
431,G,0.84763,0.15237,1,0.235
432,C,0.84763,0.15237,1,0.235
433,V,0.84763,0.15237,1,0.235
434,I,0.84763,0.15237,1,0.235
435,A,0.84763,0.15237,1,0.235
436,W,0.84763,0.15237,1,0.235
437,N,0.84764,0.15236,1,0.235
438,S,0.84763,0.15237,1,0.235
439,N,0.84763,0.15237,1,0.235
440,N,0.84764,0.15236,1,0.235
441,L,0.84763,0.15237,1,0.235
442,D,0.84763,0.15237,1,0.235
443,S,0.84763,0.15237,1,0.235
444,K,0.84763,0.15237,1,0.235
445,V,0.84763,0.15237,1,0.235
446,G,0.84763,0.15237,1,0.235
447,G,0.84763,0.15237,1,0.235
448,N,0.84764,0.15236,1,0.235
449,Y,0.84763,0.15237,1,0.235
450,N,0.84764,0.15236,1,0.235
451,Y,0.84763,0.15237,1,0.235
452,L,0.84763,0.15237,1,0.235
453,Y,0.84763,0.15237,1,0.235
454,R,0.84763,0.15237,1,0.235
455,L,0.84763,0.15237,1,0.235
456,F,0.84763,0.15237,1,0.235
457,R,0.84763,0.15237,1,0.235
458,K,0.84763,0.15237,1,0.235
459,S,0.84763,0.15237,1,0.235
460,N,0.84764,0.15236,1,0.235
461,L,0.84763,0.15237,1,0.235
462,K,0.84763,0.15237,1,0.235
463,P,0.84763,0.15237,1,0.235
464,F,0.84763,0.15237,1,0.235
465,E,0.84763,0.15237,1,0.235
466,R,0.84763,0.15237,1,0.235
467,D,0.84763,0.15237,1,0.235
468,I,0.84763,0.15237,1,0.235
469,S,0.84763,0.15237,1,0.235
470,T,0.84763,0.15237,1,0.235
471,E,0.84763,0.15237,1,0.235
472,I,0.84763,0.15237,1,0.235
473,Y,0.84763,0.15237,1,0.235
474,Q,0.84763,0.15237,1,0.235
475,A,0.84763,0.15237,1,0.235
476,G,0.84763,0.15237,1,0.235
477,S,0.84763,0.15237,1,0.235
478,T,0.84763,0.15237,1,0.235
479,P,0.84763,0.15237,1,0.235
480,C,0.84763,0.15237,1,0.235
481,N,0.84764,0.15236,1,0.235
482,G,0.84763,0.15237,1,0.235
483,V,0.84763,0.15237,1,0.235
484,E,0.84763,0.15237,1,0.235
485,G,0.84763,0.15237,1,0.235
486,F,0.84763,0.15237,1,0.235
487,N,0.84764,0.15236,1,0.235
488,C,0.84763,0.15237,1,0.235
489,Y,0.84763,0.15237,1,0.235
490,F,0.84763,0.15237,1,0.235
491,P,0.84763,0.15237,1,0.235
492,L,0.84763,0.15237,1,0.235
493,Q,0.84763,0.15237,1,0.235
494,S,0.84763,0.15237,1,0.235
495,Y,0.84763,0.15237,1,0.235
496,G,0.84763,0.15237,1,0.235
497,F,0.84763,0.15237,1,0.235
498,Q,0.84763,0.15237,1,0.235
499,P,0.84763,0.15237,1,0.235
500,T,0.84763,0.15237,1,0.235
501,N,0.84764,0.15236,1,0.235
502,G,0.84763,0.15237,1,0.235
503,V,0.84763,0.15237,1,0.235
504,G,0.84763,0.15237,1,0.235
505,Y,0.84763,0.15237,1,0.235
506,Q,0.84763,0.15237,1,0.235
507,P,0.84763,0.15237,1,0.235
508,Y,0.84763,0.15237,1,0.235
509,R,0.84763,0.15237,1,0.235
510,V,0.84763,0.15237,1,0.235
511,V,0.84763,0.15237,1,0.235
512,V,0.84763,0.15237,1,0.235
513,L,0.84763,0.15237,1,0.235
514,S,0.84763,0.15237,1,0.235
515,F,0.84763,0.15237,1,0.235
516,E,0.84763,0.15237,1,0.235
517,L,0.84763,0.15237,1,0.235
518,L,0.84763,0.15237,1,0.235
519,H,0.84763,0.15237,1,0.235
520,A,0.84763,0.15237,1,0.235
521,P,0.84763,0.15237,1,0.235
522,A,0.84763,0.15237,1,0.235
523,T,0.84763,0.15237,1,0.235
524,V,0.84763,0.15237,1,0.235
525,C,0.84763,0.15237,1,0.235
526,G,0.84763,0.15237,1,0.235
527,P,0.84763,0.15237,1,0.235
528,K,0.84763,0.15237,1,0.235
529,K,0.84763,0.15237,1,0.235
530,S,0.84763,0.15237,1,0.235
531,T,0.84763,0.15237,1,0.235
532,N,0.84764,0.15236,1,0.235
533,L,0.84763,0.15237,1,0.235
534,V,0.84763,0.15237,1,0.235
535,K,0.84763,0.15237,1,0.235
536,N,0.84763,0.15237,1,0.235
537,K,0.84763,0.15237,1,0.235
538,C,0.84763,0.15237,1,0.235
539,V,0.84763,0.15237,1,0.235
540,N,0.84764,0.15236,1,0.235
541,F,0.84763,0.15237,1,0.235
542,N,0.84763,0.15237,1,0.235
543,F,0.84763,0.15237,1,0.235
544,N,0.84764,0.15236,1,0.235
545,G,0.84763,0.15237,1,0.235
546,L,0.84763,0.15237,1,0.235
547,T,0.84763,0.15237,1,0.235
548,G,0.84763,0.15237,1,0.235
549,T,0.84763,0.15237,1,0.235
550,G,0.84763,0.15237,1,0.235
551,V,0.84763,0.15237,1,0.235
552,L,0.84763,0.15237,1,0.235
553,T,0.84763,0.15237,1,0.235
554,E,0.84763,0.15237,1,0.235
555,S,0.84763,0.15237,1,0.235
556,N,0.84763,0.15237,1,0.235
557,K,0.84763,0.15237,1,0.235
558,K,0.84763,0.15237,1,0.235
559,F,0.84763,0.15237,1,0.235
560,L,0.84763,0.15237,1,0.235
561,P,0.84763,0.15237,1,0.235
562,F,0.84763,0.15237,1,0.235
563,Q,0.84763,0.15237,1,0.235
564,Q,0.84763,0.15237,1,0.235
565,F,0.84763,0.15237,1,0.235
566,G,0.84763,0.15237,1,0.235
567,R,0.84763,0.15237,1,0.235
568,D,0.84763,0.15237,1,0.235
569,I,0.84763,0.15237,1,0.235
570,A,0.84763,0.15237,1,0.235
571,D,0.84763,0.15237,1,0.235
572,T,0.84763,0.15237,1,0.235
573,T,0.84763,0.15237,1,0.235
574,D,0.84763,0.15237,1,0.235
575,A,0.84763,0.15237,1,0.235
576,V,0.84763,0.15237,1,0.235
577,R,0.84763,0.15237,1,0.235
578,D,0.84763,0.15237,1,0.235
579,P,0.84763,0.15237,1,0.235
580,Q,0.84763,0.15237,1,0.235
581,T,0.84763,0.15237,1,0.235
582,L,0.84763,0.15237,1,0.235
583,E,0.84763,0.15237,1,0.235
584,I,0.84763,0.15237,1,0.235
585,L,0.84763,0.15237,1,0.235
586,D,0.84763,0.15237,1,0.235
587,I,0.84763,0.15237,1,0.235
588,T,0.84763,0.15237,1,0.235
589,P,0.84763,0.15237,1,0.235
590,C,0.84763,0.15237,1,0.235
591,S,0.84763,0.15237,1,0.235
592,F,0.84763,0.15237,1,0.235
593,G,0.84763,0.15237,1,0.235
594,G,0.84763,0.15237,1,0.235
595,V,0.84763,0.15237,1,0.235
596,S,0.84763,0.15237,1,0.235
597,V,0.84763,0.15237,1,0.235
598,I,0.84763,0.15237,1,0.235
599,T,0.84763,0.15237,1,0.235
600,P,0.84763,0.15237,1,0.235
601,G,0.84763,0.15237,1,0.235
602,T,0.84763,0.15237,1,0.235
603,N,0.84764,0.15236,1,0.235
604,T,0.84763,0.15237,1,0.235
605,S,0.84763,0.15237,1,0.235
606,N,0.84763,0.15237,1,0.235
607,Q,0.84763,0.15237,1,0.235
608,V,0.84763,0.15237,1,0.235
609,A,0.84763,0.15237,1,0.235
610,V,0.84763,0.15237,1,0.235
611,L,0.84763,0.15237,1,0.235
612,Y,0.84763,0.15237,1,0.235
613,Q,0.84763,0.15237,1,0.235
614,G,0.84763,0.15237,1,0.235
615,V,0.84763,0.15237,1,0.235
616,N,0.84763,0.15237,1,0.235
617,C,0.84763,0.15237,1,0.235
618,T,0.84763,0.15237,1,0.235
619,E,0.84763,0.15237,1,0.235
620,V,0.84763,0.15237,1,0.235
621,P,0.84763,0.15237,1,0.235
622,V,0.84763,0.15237,1,0.235
623,A,0.84763,0.15237,1,0.235
624,I,0.84763,0.15237,1,0.235
625,H,0.84763,0.15237,1,0.235
626,A,0.84763,0.15237,1,0.235
627,D,0.84763,0.15237,1,0.235
628,Q,0.84763,0.15237,1,0.235
629,L,0.84763,0.15237,1,0.235
630,T,0.84763,0.15237,1,0.235
631,P,0.84763,0.15237,1,0.235
632,T,0.84763,0.15237,1,0.235
633,W,0.84763,0.15237,1,0.235
634,R,0.84763,0.15237,1,0.235
635,V,0.84763,0.15237,1,0.235
636,Y,0.84763,0.15237,1,0.235
637,S,0.84763,0.15237,1,0.235
638,T,0.84763,0.15237,1,0.235
639,G,0.84763,0.15237,1,0.235
640,S,0.84763,0.15237,1,0.235
641,N,0.84764,0.15236,1,0.235
642,V,0.84763,0.15237,1,0.235
643,F,0.84763,0.15237,1,0.235
644,Q,0.84763,0.15237,1,0.235
645,T,0.84763,0.15237,1,0.235
646,R,0.84763,0.15237,1,0.235
647,A,0.84763,0.15237,1,0.235
648,G,0.84763,0.15237,1,0.235
649,C,0.84763,0.15237,1,0.235
650,L,0.84763,0.15237,1,0.235
651,I,0.84763,0.15237,1,0.235
652,G,0.84763,0.15237,1,0.235
653,A,0.84763,0.15237,1,0.235
654,E,0.84763,0.15237,1,0.235
655,H,0.84763,0.15237,1,0.235
656,V,0.84763,0.15237,1,0.235
657,N,0.84763,0.15237,1,0.235
658,N,0.84763,0.15237,1,0.235
659,S,0.84763,0.15237,1,0.235
660,Y,0.84763,0.15237,1,0.235
661,E,0.84763,0.15237,1,0.235
662,C,0.84763,0.15237,1,0.235
663,D,0.84763,0.15237,1,0.235
664,I,0.84763,0.15237,1,0.235
665,P,0.84763,0.15237,1,0.235
666,I,0.84763,0.15237,1,0.235
667,G,0.84763,0.15237,1,0.235
668,A,0.84763,0.15237,1,0.235
669,G,0.84763,0.15237,1,0.235
670,I,0.84763,0.15237,1,0.235
671,C,0.84763,0.15237,1,0.235
672,A,0.84763,0.15237,1,0.235
673,S,0.84763,0.15237,1,0.235
674,Y,0.84763,0.15237,1,0.235
675,Q,0.84763,0.15237,1,0.235
676,T,0.84763,0.15237,1,0.235
677,Q,0.84763,0.15237,1,0.235
678,T,0.84763,0.15237,1,0.235
679,N,0.84764,0.15236,1,0.235
680,S,0.84763,0.15237,1,0.235
681,P,0.84763,0.15237,1,0.235
682,R,0.84763,0.15237,1,0.235
683,R,0.84763,0.15237,1,0.235
684,A,0.84763,0.15237,1,0.235
685,R,0.84763,0.15237,1,0.235
686,S,0.84763,0.15237,1,0.235
687,V,0.84763,0.15237,1,0.235
688,A,0.84763,0.15237,1,0.235
689,S,0.84763,0.15237,1,0.235
690,Q,0.84763,0.15237,1,0.235
691,S,0.84763,0.15237,1,0.235
692,I,0.84763,0.15237,1,0.235
693,I,0.84763,0.15237,1,0.235
694,A,0.84763,0.15237,1,0.235
695,Y,0.84763,0.15237,1,0.235
696,T,0.84763,0.15237,1,0.235
697,M,0.84763,0.15237,1,0.235
698,S,0.84763,0.15237,1,0.235
699,L,0.84763,0.15237,1,0.235
700,G,0.84763,0.15237,1,0.235
701,A,0.84763,0.15237,1,0.235
702,E,0.84763,0.15237,1,0.235
703,N,0.84764,0.15236,1,0.235
704,S,0.84763,0.15237,1,0.235
705,V,0.84763,0.15237,1,0.235
706,A,0.84763,0.15237,1,0.235
707,Y,0.84763,0.15237,1,0.235
708,S,0.84763,0.15237,1,0.235
709,N,0.84764,0.15236,1,0.235
710,N,0.84763,0.15237,1,0.235
711,S,0.84763,0.15237,1,0.235
712,I,0.84763,0.15237,1,0.235
713,A,0.84763,0.15237,1,0.235
714,I,0.84763,0.15237,1,0.235
715,P,0.84763,0.15237,1,0.235
716,T,0.84763,0.15237,1,0.235
717,N,0.84764,0.15236,1,0.235
718,F,0.84763,0.15237,1,0.235
719,T,0.84763,0.15237,1,0.235
720,I,0.84763,0.15237,1,0.235
721,S,0.84763,0.15237,1,0.235
722,V,0.84763,0.15237,1,0.235
723,T,0.84763,0.15237,1,0.235
724,T,0.84763,0.15237,1,0.235
725,E,0.84763,0.15237,1,0.235
726,I,0.84763,0.15237,1,0.235
727,L,0.84763,0.15237,1,0.235
728,P,0.84763,0.15237,1,0.235
729,V,0.84763,0.15237,1,0.235
730,S,0.84763,0.15237,1,0.235
731,M,0.84763,0.15237,1,0.235
732,T,0.84763,0.15237,1,0.235
733,K,0.84763,0.15237,1,0.235
734,T,0.84763,0.15237,1,0.235
735,S,0.84763,0.15237,1,0.235
736,V,0.84763,0.15237,1,0.235
737,D,0.84763,0.15237,1,0.235
738,C,0.84763,0.15237,1,0.235
739,T,0.84763,0.15237,1,0.235
740,M,0.84763,0.15237,1,0.235
741,Y,0.84763,0.15237,1,0.235
742,I,0.84763,0.15237,1,0.235
743,C,0.84763,0.15237,1,0.235
744,G,0.84763,0.15237,1,0.235
745,D,0.84763,0.15237,1,0.235
746,S,0.84763,0.15237,1,0.235
747,T,0.84763,0.15237,1,0.235
748,E,0.84763,0.15237,1,0.235
749,C,0.84763,0.15237,1,0.235
750,S,0.84763,0.15237,1,0.235
751,N,0.84764,0.15236,1,0.235
752,L,0.84763,0.15237,1,0.235
753,L,0.84763,0.15237,1,0.235
754,L,0.84763,0.15237,1,0.235
755,Q,0.84763,0.15237,1,0.235
756,Y,0.84763,0.15237,1,0.235
757,G,0.84763,0.15237,1,0.235
758,S,0.84763,0.15237,1,0.235
759,F,0.84763,0.15237,1,0.235
760,C,0.84763,0.15237,1,0.235
761,T,0.84763,0.15237,1,0.235
762,Q,0.84763,0.15237,1,0.235
763,L,0.84763,0.15237,1,0.235
764,N,0.84763,0.15237,1,0.235
765,R,0.84763,0.15237,1,0.235
766,A,0.84763,0.15237,1,0.235
767,L,0.84763,0.15237,1,0.235
768,T,0.84763,0.15237,1,0.235
769,G,0.84763,0.15237,1,0.235
770,I,0.84763,0.15237,1,0.235
771,A,0.84763,0.15237,1,0.235
772,V,0.84763,0.15237,1,0.235
773,E,0.84763,0.15237,1,0.235
774,Q,0.84763,0.15237,1,0.235
775,D,0.84763,0.15237,1,0.235
776,K,0.84763,0.15237,1,0.235
777,N,0.84763,0.15237,1,0.235
778,T,0.84763,0.15237,1,0.235
779,Q,0.84763,0.15237,1,0.235
780,E,0.84763,0.15237,1,0.235
781,V,0.84763,0.15237,1,0.235
782,F,0.84763,0.15237,1,0.235
783,A,0.84763,0.15237,1,0.235
784,Q,0.84763,0.15237,1,0.235
785,V,0.84763,0.15237,1,0.235
786,K,0.84763,0.15237,1,0.235
787,Q,0.84763,0.15237,1,0.235
788,I,0.84763,0.15237,1,0.235
789,Y,0.84763,0.15237,1,0.235
790,K,0.84763,0.15237,1,0.235
791,T,0.84763,0.15237,1,0.235
792,P,0.84763,0.15237,1,0.235
793,P,0.84763,0.15237,1,0.235
794,I,0.84763,0.15237,1,0.235
795,K,0.84763,0.15237,1,0.235
796,D,0.84763,0.15237,1,0.235
797,F,0.84763,0.15237,1,0.235
798,G,0.84763,0.15237,1,0.235
799,G,0.84763,0.15237,1,0.235
800,F,0.84763,0.15237,1,0.235
801,N,0.84764,0.15236,1,0.235
802,F,0.84763,0.15237,1,0.235
803,S,0.84763,0.15237,1,0.235
804,Q,0.84763,0.15237,1,0.235
805,I,0.84763,0.15237,1,0.235
806,L,0.84763,0.15237,1,0.235
807,P,0.84763,0.15237,1,0.235
808,D,0.84763,0.15237,1,0.235
809,P,0.84763,0.15237,1,0.235
810,S,0.84763,0.15237,1,0.235
811,K,0.84763,0.15237,1,0.235
812,P,0.84763,0.15237,1,0.235
813,S,0.84763,0.15237,1,0.235
814,K,0.84763,0.15237,1,0.235
815,R,0.84763,0.15237,1,0.235
816,S,0.84763,0.15237,1,0.235
817,F,0.84763,0.15237,1,0.235
818,I,0.84763,0.15237,1,0.235
819,E,0.84763,0.15237,1,0.235
820,D,0.84763,0.15237,1,0.235
821,L,0.84763,0.15237,1,0.235
822,L,0.84763,0.15237,1,0.235
823,F,0.84763,0.15237,1,0.235
824,N,0.84763,0.15237,1,0.235
825,K,0.84763,0.15237,1,0.235
826,V,0.84763,0.15237,1,0.235
827,T,0.84763,0.15237,1,0.235
828,L,0.84763,0.15237,1,0.235
829,A,0.84763,0.15237,1,0.235
830,D,0.84763,0.15237,1,0.235
831,A,0.84763,0.15237,1,0.235
832,G,0.84763,0.15237,1,0.235
833,F,0.84763,0.15237,1,0.235
834,I,0.84763,0.15237,1,0.235
835,K,0.84763,0.15237,1,0.235
836,Q,0.84763,0.15237,1,0.235
837,Y,0.84763,0.15237,1,0.235
838,G,0.84763,0.15237,1,0.235
839,D,0.84763,0.15237,1,0.235
840,C,0.84763,0.15237,1,0.235
841,L,0.84763,0.15237,1,0.235
842,G,0.84763,0.15237,1,0.235
843,D,0.84763,0.15237,1,0.235
844,I,0.84763,0.15237,1,0.235
845,A,0.84763,0.15237,1,0.235
846,A,0.84763,0.15237,1,0.235
847,R,0.84763,0.15237,1,0.235
848,D,0.84763,0.15237,1,0.235
849,L,0.84763,0.15237,1,0.235
850,I,0.84763,0.15237,1,0.235
851,C,0.84763,0.15237,1,0.235
852,A,0.84763,0.15237,1,0.235
853,Q,0.84763,0.15237,1,0.235
854,K,0.84763,0.15237,1,0.235
855,F,0.84763,0.15237,1,0.235
856,N,0.84763,0.15237,1,0.235
857,G,0.84763,0.15237,1,0.235
858,L,0.84763,0.15237,1,0.235
859,T,0.84763,0.15237,1,0.235
860,V,0.84763,0.15237,1,0.235
861,L,0.84763,0.15237,1,0.235
862,P,0.84763,0.15237,1,0.235
863,P,0.84763,0.15237,1,0.235
864,L,0.84763,0.15237,1,0.235
865,L,0.84763,0.15237,1,0.235
866,T,0.84763,0.15237,1,0.235
867,D,0.84763,0.15237,1,0.235
868,E,0.84763,0.15237,1,0.235
869,M,0.84763,0.15237,1,0.235
870,I,0.84763,0.15237,1,0.235
871,A,0.84763,0.15237,1,0.235
872,Q,0.84763,0.15237,1,0.235
873,Y,0.84763,0.15237,1,0.235
874,T,0.84763,0.15237,1,0.235
875,S,0.84763,0.15237,1,0.235
876,A,0.84763,0.15237,1,0.235
877,L,0.84763,0.15237,1,0.235
878,L,0.84763,0.15237,1,0.235
879,A,0.84763,0.15237,1,0.235
880,G,0.84763,0.15237,1,0.235
881,T,0.84763,0.15237,1,0.235
882,I,0.84763,0.15237,1,0.235
883,T,0.84763,0.15237,1,0.235
884,S,0.84763,0.15237,1,0.235
885,G,0.84763,0.15237,1,0.235
886,W,0.84763,0.15237,1,0.235
887,T,0.84763,0.15237,1,0.235
888,F,0.84763,0.15237,1,0.235
889,G,0.84763,0.15237,1,0.235
890,A,0.84763,0.15237,1,0.235
891,G,0.84763,0.15237,1,0.235
892,A,0.84763,0.15237,1,0.235
893,A,0.84763,0.15237,1,0.235
894,L,0.84763,0.15237,1,0.235
895,Q,0.84763,0.15237,1,0.235
896,I,0.84763,0.15237,1,0.235
897,P,0.84763,0.15237,1,0.235
898,F,0.84763,0.15237,1,0.235
899,A,0.84763,0.15237,1,0.235
900,M,0.84763,0.15237,1,0.235
901,Q,0.84763,0.15237,1,0.235
902,M,0.84763,0.15237,1,0.235
903,A,0.84763,0.15237,1,0.235
904,Y,0.84763,0.15237,1,0.235
905,R,0.84763,0.15237,1,0.235
906,F,0.84763,0.15237,1,0.235
907,N,0.84764,0.15236,1,0.235
908,G,0.84763,0.15237,1,0.235
909,I,0.84763,0.15237,1,0.235
910,G,0.84763,0.15237,1,0.235
911,V,0.84763,0.15237,1,0.235
912,T,0.84763,0.15237,1,0.235
913,Q,0.84763,0.15237,1,0.235
914,N,0.84764,0.15236,1,0.235
915,V,0.84763,0.15237,1,0.235
916,L,0.84763,0.15237,1,0.235
917,Y,0.84763,0.15237,1,0.235
918,E,0.84763,0.15237,1,0.235
919,N,0.84763,0.15237,1,0.235
920,Q,0.84763,0.15237,1,0.235
921,K,0.84763,0.15237,1,0.235
922,L,0.84763,0.15237,1,0.235
923,I,0.84763,0.15237,1,0.235
924,A,0.84763,0.15237,1,0.235
925,N,0.84763,0.15237,1,0.235
926,Q,0.84763,0.15237,1,0.235
927,F,0.84763,0.15237,1,0.235
928,N,0.84764,0.15236,1,0.235
929,S,0.84763,0.15237,1,0.235
930,A,0.84763,0.15237,1,0.235
931,I,0.84763,0.15237,1,0.235
932,G,0.84763,0.15237,1,0.235
933,K,0.84763,0.15237,1,0.235
934,I,0.84763,0.15237,1,0.235
935,Q,0.84763,0.15237,1,0.235
936,D,0.84763,0.15237,1,0.235
937,S,0.84763,0.15237,1,0.235
938,L,0.84763,0.15237,1,0.235
939,S,0.84763,0.15237,1,0.235
940,S,0.84763,0.15237,1,0.235
941,T,0.84763,0.15237,1,0.235
942,A,0.84763,0.15237,1,0.235
943,S,0.84763,0.15237,1,0.235
944,A,0.84763,0.15237,1,0.235
945,L,0.84763,0.15237,1,0.235
946,G,0.84763,0.15237,1,0.235
947,K,0.84763,0.15237,1,0.235
948,L,0.84763,0.15237,1,0.235
949,Q,0.84763,0.15237,1,0.235
950,D,0.84763,0.15237,1,0.235
951,V,0.84763,0.15237,1,0.235
952,V,0.84763,0.15237,1,0.235
953,N,0.84763,0.15237,1,0.235
954,Q,0.84763,0.15237,1,0.235
955,N,0.84764,0.15236,1,0.235
956,A,0.84763,0.15237,1,0.235
957,Q,0.84763,0.15237,1,0.235
958,A,0.84763,0.15237,1,0.235
959,L,0.84763,0.15237,1,0.235
960,N,0.84763,0.15237,1,0.235
961,T,0.84763,0.15237,1,0.235
962,L,0.84763,0.15237,1,0.235
963,V,0.84763,0.15237,1,0.235
964,K,0.84763,0.15237,1,0.235
965,Q,0.84763,0.15237,1,0.235
966,L,0.84763,0.15237,1,0.235
967,S,0.84763,0.15237,1,0.235
968,S,0.84763,0.15237,1,0.235
969,N,0.84764,0.15236,1,0.235
970,F,0.84763,0.15237,1,0.235
971,G,0.84763,0.15237,1,0.235
972,A,0.84763,0.15237,1,0.235
973,I,0.84763,0.15237,1,0.235
974,S,0.84763,0.15237,1,0.235
975,S,0.84763,0.15237,1,0.235
976,V,0.84763,0.15237,1,0.235
977,L,0.84763,0.15237,1,0.235
978,N,0.84764,0.15236,1,0.235
979,D,0.84763,0.15237,1,0.235
980,I,0.84763,0.15237,1,0.235
981,L,0.84763,0.15237,1,0.235
982,S,0.84763,0.15237,1,0.235
983,R,0.84763,0.15237,1,0.235
984,L,0.84763,0.15237,1,0.235
985,D,0.84763,0.15237,1,0.235
986,K,0.84763,0.15237,1,0.235
987,V,0.84763,0.15237,1,0.235
988,E,0.84763,0.15237,1,0.235
989,A,0.84763,0.15237,1,0.235
990,E,0.84763,0.15237,1,0.235
991,V,0.84763,0.15237,1,0.235
992,Q,0.84763,0.15237,1,0.235
993,I,0.84763,0.15237,1,0.235
994,D,0.84763,0.15237,1,0.235
995,R,0.84763,0.15237,1,0.235
996,L,0.84763,0.15237,1,0.235
997,I,0.84763,0.15237,1,0.235
998,T,0.84763,0.15237,1,0.235
999,G,0.84763,0.15237,1,0.235
1000,R,0.84763,0.15237,1,0.235
1001,L,0.84763,0.15237,1,0.235
1002,Q,0.84763,0.15237,1,0.235
1003,S,0.84763,0.15237,1,0.235
1004,L,0.84763,0.15237,1,0.235
1005,Q,0.84763,0.15237,1,0.235
1006,T,0.84763,0.15237,1,0.235
1007,Y,0.84763,0.15237,1,0.235
1008,V,0.84763,0.15237,1,0.235
1009,T,0.84763,0.15237,1,0.235
1010,Q,0.84763,0.15237,1,0.235
1011,Q,0.84763,0.15237,1,0.235
1012,L,0.84763,0.15237,1,0.235
1013,I,0.84763,0.15237,1,0.235
1014,R,0.84763,0.15237,1,0.235
1015,A,0.84763,0.15237,1,0.235
1016,A,0.84763,0.15237,1,0.235
1017,E,0.84763,0.15237,1,0.235
1018,I,0.84763,0.15237,1,0.235
1019,R,0.84763,0.15237,1,0.235
1020,A,0.84763,0.15237,1,0.235
1021,S,0.84763,0.15237,1,0.235
1022,A,0.84763,0.15237,1,0.235
1023,N,0.84764,0.15236,1,0.235
1024,L,0.84763,0.15237,1,0.235
1025,A,0.84763,0.15237,1,0.235
1026,A,0.84763,0.15237,1,0.235
1027,T,0.84763,0.15237,1,0.235
1028,K,0.84763,0.15237,1,0.235
1029,M,0.84763,0.15237,1,0.235
1030,S,0.84763,0.15237,1,0.235
1031,E,0.84763,0.15237,1,0.235
1032,C,0.84763,0.15237,1,0.235
1033,V,0.84763,0.15237,1,0.235
1034,L,0.84763,0.15237,1,0.235
1035,G,0.84763,0.15237,1,0.235
1036,Q,0.84763,0.15237,1,0.235
1037,S,0.84763,0.15237,1,0.235
1038,K,0.84763,0.15237,1,0.235
1039,R,0.84763,0.15237,1,0.235
1040,V,0.84763,0.15237,1,0.235
1041,D,0.84763,0.15237,1,0.235
1042,F,0.84763,0.15237,1,0.235
1043,C,0.84763,0.15237,1,0.235
1044,G,0.84763,0.15237,1,0.235
1045,K,0.84763,0.15237,1,0.235
1046,G,0.84763,0.15237,1,0.235
1047,Y,0.84763,0.15237,1,0.235
1048,H,0.84763,0.15237,1,0.235
1049,L,0.84763,0.15237,1,0.235
1050,M,0.84763,0.15237,1,0.235
1051,S,0.84763,0.15237,1,0.235
1052,F,0.84763,0.15237,1,0.235
1053,P,0.84763,0.15237,1,0.235
1054,Q,0.84763,0.15237,1,0.235
1055,S,0.84763,0.15237,1,0.235
1056,A,0.84763,0.15237,1,0.235
1057,P,0.84763,0.15237,1,0.235
1058,H,0.84763,0.15237,1,0.235
1059,G,0.84763,0.15237,1,0.235
1060,V,0.84763,0.15237,1,0.235
1061,V,0.84763,0.15237,1,0.235
1062,F,0.84763,0.15237,1,0.235
1063,L,0.84763,0.15237,1,0.235
1064,H,0.84763,0.15237,1,0.235
1065,V,0.84763,0.15237,1,0.235
1066,T,0.84763,0.15237,1,0.235
1067,Y,0.84763,0.15237,1,0.235
1068,V,0.84763,0.15237,1,0.235
1069,P,0.84763,0.15237,1,0.235
1070,A,0.84763,0.15237,1,0.235
1071,Q,0.84763,0.15237,1,0.235
1072,E,0.84763,0.15237,1,0.235
1073,K,0.84763,0.15237,1,0.235
1074,N,0.84763,0.15237,1,0.235
1075,F,0.84763,0.15237,1,0.235
1076,T,0.84763,0.15237,1,0.235
1077,T,0.84763,0.15237,1,0.235
1078,A,0.84763,0.15237,1,0.235
1079,P,0.84763,0.15237,1,0.235
1080,A,0.84763,0.15237,1,0.235
1081,I,0.84763,0.15237,1,0.235
1082,C,0.84763,0.15237,1,0.235
1083,H,0.84763,0.15237,1,0.235
1084,D,0.84763,0.15237,1,0.235
1085,G,0.84763,0.15237,1,0.235
1086,K,0.84763,0.15237,1,0.235
1087,A,0.84763,0.15237,1,0.235
1088,H,0.84763,0.15237,1,0.235
1089,F,0.84763,0.15237,1,0.235
1090,P,0.84763,0.15237,1,0.235
1091,R,0.84763,0.15237,1,0.235
1092,E,0.84763,0.15237,1,0.235
1093,G,0.84763,0.15237,1,0.235
1094,V,0.84763,0.15237,1,0.235
1095,F,0.84763,0.15237,1,0.235
1096,V,0.84763,0.15237,1,0.235
1097,S,0.84763,0.15237,1,0.235
1098,N,0.84764,0.15236,1,0.235
1099,G,0.84763,0.15237,1,0.235
1100,T,0.84763,0.15237,1,0.235
1101,H,0.84763,0.15237,1,0.235
1102,W,0.84763,0.15237,1,0.235
1103,F,0.84763,0.15237,1,0.235
1104,V,0.84763,0.15237,1,0.235
1105,T,0.84763,0.15237,1,0.235
1106,Q,0.84763,0.15237,1,0.235
1107,R,0.84763,0.15237,1,0.235
1108,N,0.84764,0.15236,1,0.235
1109,F,0.84763,0.15237,1,0.235
1110,Y,0.84763,0.15237,1,0.235
1111,E,0.84763,0.15237,1,0.235
1112,P,0.84763,0.15237,1,0.235
1113,Q,0.84763,0.15237,1,0.235
1114,I,0.84763,0.15237,1,0.235
1115,I,0.84763,0.15237,1,0.235
1116,T,0.84763,0.15237,1,0.235
1117,T,0.84763,0.15237,1,0.235
1118,D,0.84763,0.15237,1,0.235
1119,N,0.84763,0.15237,1,0.235
1120,T,0.84763,0.15237,1,0.235
1121,F,0.84763,0.15237,1,0.235
1122,V,0.84763,0.15237,1,0.235
1123,S,0.84763,0.15237,1,0.235
1124,G,0.84763,0.15237,1,0.235
1125,N,0.84763,0.15237,1,0.235
1126,C,0.84763,0.15237,1,0.235
1127,D,0.84763,0.15237,1,0.235
1128,V,0.84763,0.15237,1,0.235
1129,V,0.84763,0.15237,1,0.235
1130,I,0.84763,0.15237,1,0.235
1131,G,0.84763,0.15237,1,0.235
1132,I,0.84763,0.15237,1,0.235
1133,V,0.84763,0.15237,1,0.235
1134,N,0.84763,0.15237,1,0.235
1135,N,0.84763,0.15237,1,0.235
1136,T,0.84763,0.15237,1,0.235
1137,V,0.84763,0.15237,1,0.235
1138,Y,0.84763,0.15237,1,0.235
1139,D,0.84763,0.15237,1,0.235
1140,P,0.84763,0.15237,1,0.235
1141,L,0.84763,0.15237,1,0.235
1142,Q,0.84763,0.15237,1,0.235
1143,P,0.84763,0.15237,1,0.235
1144,E,0.84763,0.15237,1,0.235
1145,L,0.84763,0.15237,1,0.235
1146,D,0.84763,0.15237,1,0.235
1147,S,0.84763,0.15237,1,0.235
1148,F,0.84763,0.15237,1,0.235
1149,K,0.84763,0.15237,1,0.235
1150,E,0.84763,0.15237,1,0.235
1151,E,0.84763,0.15237,1,0.235
1152,L,0.84763,0.15237,1,0.235
1153,D,0.84763,0.15237,1,0.235
1154,K,0.84763,0.15237,1,0.235
1155,Y,0.84763,0.15237,1,0.235
1156,F,0.84763,0.15237,1,0.235
1157,K,0.84763,0.15237,1,0.235
1158,N,0.84764,0.15236,1,0.235
1159,H,0.84763,0.15237,1,0.235
1160,T,0.84763,0.15237,1,0.235
1161,S,0.84763,0.15237,1,0.235
1162,P,0.84763,0.15237,1,0.235
1163,D,0.84763,0.15237,1,0.235
1164,V,0.84763,0.15237,1,0.235
1165,D,0.84763,0.15237,1,0.235
1166,L,0.84763,0.15237,1,0.235
1167,G,0.84763,0.15237,1,0.235
1168,D,0.84763,0.15237,1,0.235
1169,I,0.84763,0.15237,1,0.235
1170,S,0.84763,0.15237,1,0.235
1171,G,0.84763,0.15237,1,0.235
1172,I,0.84763,0.15237,1,0.235
1173,N,0.84764,0.15236,1,0.235
1174,A,0.84763,0.15237,1,0.235
1175,S,0.84763,0.15237,1,0.235
1176,V,0.84763,0.15237,1,0.235
1177,V,0.84763,0.15237,1,0.235
1178,N,0.84763,0.15237,1,0.235
1179,I,0.84763,0.15237,1,0.235
1180,Q,0.84763,0.15237,1,0.235
1181,K,0.84763,0.15237,1,0.235
1182,E,0.84763,0.15237,1,0.235
1183,I,0.84763,0.15237,1,0.235
1184,D,0.84763,0.15237,1,0.235
1185,R,0.84763,0.15237,1,0.235
1186,L,0.84763,0.15237,1,0.235
1187,N,0.84764,0.15236,1,0.235
1188,E,0.84763,0.15237,1,0.235
1189,V,0.84763,0.15237,1,0.235
1190,A,0.84763,0.15237,1,0.235
1191,K,0.84763,0.15237,1,0.235
1192,N,0.84764,0.15236,1,0.235
1193,L,0.84763,0.15237,1,0.235
1194,N,0.84764,0.15236,1,0.235
1195,E,0.84763,0.15237,1,0.235
1196,S,0.84763,0.15237,1,0.235
1197,L,0.84763,0.15237,1,0.235
1198,I,0.84763,0.15237,1,0.235
1199,D,0.84763,0.15237,1,0.235
1200,L,0.84763,0.15237,1,0.235
1201,Q,0.84763,0.15237,1,0.235
1202,E,0.84763,0.15237,1,0.235
1203,L,0.84763,0.15237,1,0.235
1204,G,0.84763,0.15237,1,0.235
1205,K,0.84763,0.15237,1,0.235
1206,Y,0.84763,0.15237,1,0.235
1207,E,0.84763,0.15237,1,0.235
1208,Q,0.84763,0.15237,1,0.235
1209,Y,0.84763,0.15237,1,0.235
1210,I,0.84763,0.15237,1,0.235
1211,K,0.84763,0.15237,1,0.235
1212,W,0.84763,0.15237,1,0.235
1213,P,0.84763,0.15237,1,0.235
1214,W,0.84763,0.15237,1,0.235
1215,Y,0.84763,0.15237,1,0.235
1216,I,0.84763,0.15237,1,0.235
1217,W,0.84763,0.15237,1,0.235
1218,L,0.84763,0.15237,1,0.235
1219,G,0.84763,0.15237,1,0.235
1220,F,0.84763,0.15237,1,0.235
1221,I,0.84763,0.15237,1,0.235
1222,A,0.84763,0.15237,1,0.235
1223,G,0.84763,0.15237,1,0.235
1224,L,0.84763,0.15237,1,0.235
1225,I,0.84763,0.15237,1,0.235
1226,A,0.84763,0.15237,1,0.235
1227,I,0.84763,0.15237,1,0.235
1228,V,0.84763,0.15237,1,0.235
1229,M,0.84763,0.15237,1,0.235
1230,V,0.84763,0.15237,1,0.235
1231,T,0.84763,0.15237,1,0.235
1232,I,0.84763,0.15237,1,0.235
1233,M,0.84763,0.15237,1,0.235
1234,L,0.84763,0.15237,1,0.235
1235,C,0.84763,0.15237,1,0.235
1236,C,0.84763,0.15237,1,0.235
1237,M,0.84763,0.15237,1,0.235
1238,T,0.84763,0.15237,1,0.235
1239,S,0.84763,0.15237,1,0.235
1240,C,0.84763,0.15237,1,0.235
1241,C,0.84763,0.15237,1,0.235
1242,S,0.84763,0.15237,1,0.235
1243,C,0.84763,0.15237,1,0.235
1244,L,0.84763,0.15237,1,0.235
1245,K,0.84763,0.15237,1,0.235
1246,G,0.84763,0.15237,1,0.235
1247,C,0.84763,0.15237,1,0.235
1248,C,0.84763,0.15237,1,0.235
1249,S,0.84763,0.15237,1,0.235
1250,C,0.84763,0.15237,1,0.235
1251,G,0.84763,0.15237,1,0.235
1252,S,0.84763,0.15237,1,0.235
1253,C,0.84763,0.15237,1,0.235
1254,C,0.84763,0.15237,1,0.235
1255,K,0.84763,0.15237,1,0.235
1256,F,0.84763,0.15237,1,0.235
1257,D,0.84763,0.15237,1,0.235
1258,E,0.84763,0.15237,1,0.235
1259,D,0.84763,0.15237,1,0.235
1260,D,0.84763,0.15237,1,0.235
1261,S,0.84763,0.15237,1,0.235
1262,E,0.84763,0.15237,1,0.235
1263,P,0.84763,0.15237,1,0.235
1264,V,0.84763,0.15237,1,0.235
1265,L,0.84763,0.15237,1,0.235
1266,K,0.84763,0.15237,1,0.235
1267,G,0.84763,0.15237,1,0.235
1268,V,0.84763,0.15237,1,0.235
1269,K,0.84763,0.15237,1,0.235
1270,L,0.84763,0.15237,1,0.235
1271,H,0.84763,0.15237,1,0.235
1272,Y,0.84763,0.15237,1,0.235
1273,T,0.84763,0.15237,1,0.235
