DQ022305_S,ATG,0.009691096305269533
DQ022305_S,AAA,0.010902483343428226
DQ022305_S,TTT,0.013930950938824955
DQ022305_S,TGC,0.009691096305269533
DQ022305_S,TTA,0.01029678982434888
DQ022305_S,GCT,0.012719563900666263
DQ022305_S,CGG,0.0012113870381586917
DQ022305_S,AGT,0.010902483343428226
DQ022305_S,AGA,0.01150817686250757
DQ022305_S,CAA,0.013325257419745608
DQ022305_S,GGC,0.005451241671714113
DQ022305_S,TTC,0.0072683222289521504
DQ022305_S,TAT,0.0036341611144760752
DQ022305_S,CAT,0.009691096305269533
DQ022305_S,CAC,0.008479709267110842
DQ022305_S,CTC,0.0036341611144760752
DQ022305_S,CAG,0.008479709267110842
DQ022305_S,TCC,0.0036341611144760752
DQ022305_S,GAC,0.0060569351907934586
DQ022305_S,TCA,0.009085402786190187
DQ022305_S,AAT,0.013930950938824955
DQ022305_S,GTA,0.004239854633555421
DQ022305_S,GTG,0.010902483343428226
DQ022305_S,GGT,0.0072683222289521504
DQ022305_S,AAC,0.008479709267110842
DQ022305_S,GTT,0.0072683222289521504
DQ022305_S,CTG,0.008479709267110842
DQ022305_S,AAG,0.0060569351907934586
DQ022305_S,TCT,0.009085402786190187
DQ022305_S,TGG,0.01029678982434888
DQ022305_S,ATT,0.013325257419745608
DQ022305_S,ACC,0.004845548152634767
DQ022305_S,TAA,0.009691096305269533
DQ022305_S,ACA,0.009691096305269533
DQ022305_S,ACG,0.0024227740763173833
DQ022305_S,GAA,0.004845548152634767
DQ022305_S,TGT,0.01150817686250757
DQ022305_S,CGT,0.0030284675953967293
DQ022305_S,ATA,0.009085402786190187
DQ022305_S,CTT,0.01029678982434888
DQ022305_S,CCC,0.0030284675953967293
DQ022305_S,TGA,0.013325257419745608
DQ022305_S,TAG,0.0024227740763173833
DQ022305_S,TAC,0.005451241671714113
DQ022305_S,CTA,0.009085402786190187
DQ022305_S,GAT,0.004239854633555421
DQ022305_S,TTG,0.010902483343428226
DQ022305_S,CCA,0.0036341611144760752
DQ022305_S,GCA,0.006662628709872804
DQ022305_S,ATC,0.0072683222289521504
DQ022305_S,CCT,0.004239854633555421
DQ022305_S,ACT,0.01150817686250757
DQ022305_S,GAG,0.0030284675953967293
DQ022305_S,TCG,0.0036341611144760752
DQ022305_S,GGA,0.004845548152634767
DQ022305_S,AGC,0.0036341611144760752
DQ022305_S,GTC,0.004845548152634767
DQ022305_S,GCC,0.0060569351907934586
DQ022305_S,AGG,0.0060569351907934586
DQ022305_S,GGG,0.0006056935190793458
DQ022305_S,GCG,0.0012113870381586917
DQ022305_S,CGA,0.0018170805572380376
DQ022305_S,CGC,0.0012113870381586917
DQ084200_S,ATG,0.009691096305269533
DQ084200_S,AAA,0.010902483343428226
DQ084200_S,TTT,0.013930950938824955
DQ084200_S,TGC,0.009691096305269533
DQ084200_S,TTA,0.01029678982434888
DQ084200_S,GCT,0.012719563900666263
DQ084200_S,CGG,0.0012113870381586917
DQ084200_S,AGT,0.010902483343428226
DQ084200_S,AGA,0.01150817686250757
DQ084200_S,CAA,0.013325257419745608
DQ084200_S,GGC,0.005451241671714113
DQ084200_S,TTC,0.0072683222289521504
DQ084200_S,TAT,0.0036341611144760752
DQ084200_S,CAT,0.009691096305269533
DQ084200_S,CAC,0.008479709267110842
DQ084200_S,CTC,0.0036341611144760752
DQ084200_S,CAG,0.008479709267110842
DQ084200_S,TCC,0.0036341611144760752
DQ084200_S,GAC,0.0060569351907934586
DQ084200_S,TCA,0.009085402786190187
DQ084200_S,AAT,0.013930950938824955
DQ084200_S,GTA,0.004239854633555421
DQ084200_S,GTG,0.010902483343428226
DQ084200_S,GGT,0.0072683222289521504
DQ084200_S,AAC,0.008479709267110842
DQ084200_S,GTT,0.0072683222289521504
DQ084200_S,CTG,0.008479709267110842
DQ084200_S,AAG,0.0060569351907934586
DQ084200_S,TCT,0.009085402786190187
DQ084200_S,TGG,0.01029678982434888
DQ084200_S,ATT,0.013325257419745608
DQ084200_S,ACC,0.004845548152634767
DQ084200_S,TAA,0.009691096305269533
DQ084200_S,ACA,0.009691096305269533
DQ084200_S,ACG,0.0024227740763173833
DQ084200_S,GAA,0.004845548152634767
DQ084200_S,TGT,0.01150817686250757
DQ084200_S,CGT,0.0030284675953967293
DQ084200_S,ATA,0.009085402786190187
DQ084200_S,CTT,0.01029678982434888
DQ084200_S,CCC,0.0030284675953967293
DQ084200_S,TGA,0.013325257419745608
DQ084200_S,TAG,0.0024227740763173833
DQ084200_S,TAC,0.005451241671714113
DQ084200_S,CTA,0.009085402786190187
DQ084200_S,GAT,0.004239854633555421
DQ084200_S,TTG,0.010902483343428226
DQ084200_S,CCA,0.0036341611144760752
DQ084200_S,GCA,0.006662628709872804
DQ084200_S,ATC,0.0072683222289521504
DQ084200_S,CCT,0.004239854633555421
DQ084200_S,ACT,0.01150817686250757
DQ084200_S,GAG,0.0030284675953967293
DQ084200_S,TCG,0.0036341611144760752
DQ084200_S,GGA,0.004845548152634767
DQ084200_S,AGC,0.0036341611144760752
DQ084200_S,GTC,0.004845548152634767
DQ084200_S,GCC,0.0060569351907934586
DQ084200_S,AGG,0.0060569351907934586
DQ084200_S,GGG,0.0006056935190793458
DQ084200_S,GCG,0.0012113870381586917
DQ084200_S,CGA,0.0018170805572380376
DQ084200_S,CGC,0.0012113870381586917
DQ084199_S,ATG,0.009691096305269533
DQ084199_S,AAA,0.010902483343428226
DQ084199_S,TTT,0.013930950938824955
DQ084199_S,TGC,0.009691096305269533
DQ084199_S,TTA,0.010902483343428226
DQ084199_S,GCT,0.012719563900666263
DQ084199_S,CGG,0.0012113870381586917
DQ084199_S,AGT,0.010902483343428226
DQ084199_S,AGA,0.01150817686250757
DQ084199_S,CAA,0.012719563900666263
DQ084199_S,GGC,0.005451241671714113
DQ084199_S,TTC,0.0072683222289521504
DQ084199_S,TAT,0.0036341611144760752
DQ084199_S,CAT,0.009691096305269533
DQ084199_S,CAC,0.008479709267110842
DQ084199_S,CTC,0.0036341611144760752
DQ084199_S,CAG,0.008479709267110842
DQ084199_S,TCC,0.0036341611144760752
DQ084199_S,GAC,0.0060569351907934586
DQ084199_S,TCA,0.009085402786190187
DQ084199_S,AAT,0.013930950938824955
DQ084199_S,GTA,0.004239854633555421
DQ084199_S,GTG,0.010902483343428226
DQ084199_S,GGT,0.0072683222289521504
DQ084199_S,AAC,0.008479709267110842
DQ084199_S,GTT,0.0072683222289521504
DQ084199_S,CTG,0.008479709267110842
DQ084199_S,AAG,0.0060569351907934586
DQ084199_S,TCT,0.009085402786190187
DQ084199_S,TGG,0.01029678982434888
DQ084199_S,ATT,0.013325257419745608
DQ084199_S,ACC,0.004845548152634767
DQ084199_S,TAA,0.01029678982434888
DQ084199_S,ACA,0.009691096305269533
DQ084199_S,ACG,0.0024227740763173833
DQ084199_S,GAA,0.004845548152634767
DQ084199_S,TGT,0.01150817686250757
DQ084199_S,CGT,0.0030284675953967293
DQ084199_S,ATA,0.009085402786190187
DQ084199_S,CTT,0.01029678982434888
DQ084199_S,CCC,0.0030284675953967293
DQ084199_S,TGA,0.013325257419745608
DQ084199_S,TAG,0.0024227740763173833
DQ084199_S,TAC,0.005451241671714113
DQ084199_S,CTA,0.008479709267110842
DQ084199_S,GAT,0.004239854633555421
DQ084199_S,TTG,0.010902483343428226
DQ084199_S,CCA,0.0036341611144760752
DQ084199_S,GCA,0.006662628709872804
DQ084199_S,ATC,0.0072683222289521504
DQ084199_S,CCT,0.004239854633555421
DQ084199_S,ACT,0.01150817686250757
DQ084199_S,GAG,0.0030284675953967293
DQ084199_S,TCG,0.0036341611144760752
DQ084199_S,GGA,0.004845548152634767
DQ084199_S,AGC,0.0036341611144760752
DQ084199_S,GTC,0.004845548152634767
DQ084199_S,GCC,0.0060569351907934586
DQ084199_S,AGG,0.0060569351907934586
DQ084199_S,GGG,0.0006056935190793458
DQ084199_S,GCG,0.0012113870381586917
DQ084199_S,CGA,0.0012113870381586917
DQ084199_S,CGC,0.0012113870381586917
NC_004718_S,ATG,0.013930950938824955
NC_004718_S,TTA,0.009691096305269533
NC_004718_S,TAG,0.0036341611144760752
NC_004718_S,TGG,0.013325257419745608
NC_004718_S,CTT,0.01150817686250757
NC_004718_S,GAC,0.004845548152634767
NC_004718_S,CGG,0.0006056935190793458
NC_004718_S,TGC,0.009691096305269533
NC_004718_S,TTG,0.014536644457904301
NC_004718_S,GTT,0.009691096305269533
NC_004718_S,CAA,0.013930950938824955
NC_004718_S,GCT,0.014536644457904301
NC_004718_S,CCT,0.004845548152634767
NC_004718_S,TTC,0.01029678982434888
NC_004718_S,AGG,0.008479709267110842
NC_004718_S,GGG,0.0024227740763173833
NC_004718_S,TAC,0.0072683222289521504
NC_004718_S,TAT,0.006662628709872804
NC_004718_S,ACT,0.012113870381586917
NC_004718_S,CAG,0.009691096305269533
NC_004718_S,GAT,0.007874015748031496
NC_004718_S,TCT,0.01150817686250757
NC_004718_S,CAT,0.008479709267110842
NC_004718_S,TTT,0.014536644457904301
NC_004718_S,ATA,0.009691096305269533
NC_004718_S,ATC,0.004845548152634767
NC_004718_S,GGC,0.0072683222289521504
NC_004718_S,AAC,0.01029678982434888
NC_004718_S,TGT,0.012113870381586917
NC_004718_S,TAA,0.012113870381586917
NC_004718_S,GGT,0.005451241671714113
NC_004718_S,ATT,0.01635372501514234
NC_004718_S,AGA,0.0060569351907934586
NC_004718_S,AAA,0.010902483343428226
NC_004718_S,CGT,0.0018170805572380376
NC_004718_S,CTA,0.010902483343428226
NC_004718_S,CCA,0.0060569351907934586
NC_004718_S,AAG,0.006662628709872804
NC_004718_S,TCG,0.0030284675953967293
NC_004718_S,ACG,0.0030284675953967293
NC_004718_S,GAA,0.004845548152634767
NC_004718_S,ACA,0.01029678982434888
NC_004718_S,AAT,0.012719563900666263
NC_004718_S,GTC,0.004845548152634767
NC_004718_S,CGA,0.0024227740763173833
NC_004718_S,TGA,0.009085402786190187
NC_004718_S,AGT,0.006662628709872804
NC_004718_S,AGC,0.0060569351907934586
NC_004718_S,TCA,0.0072683222289521504
NC_004718_S,GCA,0.0072683222289521504
NC_004718_S,GCC,0.005451241671714113
NC_004718_S,GTA,0.0030284675953967293
NC_004718_S,TCC,0.0024227740763173833
NC_004718_S,ACC,0.006662628709872804
NC_004718_S,GAG,0.004845548152634767
NC_004718_S,CTC,0.004239854633555421
NC_004718_S,CGC,0.0012113870381586917
NC_004718_S,CTG,0.007874015748031496
NC_004718_S,GGA,0.004239854633555421
NC_004718_S,CAC,0.0072683222289521504
NC_004718_S,GTG,0.006662628709872804
NC_004718_S,CCG,0.0006056935190793458
NC_004718_S,GCG,0.0018170805572380376
NC_004718_S,CCC,0.0024227740763173833
KP886808_S,ATG,0.01029678982434888
KP886808_S,AAA,0.013325257419745608
KP886808_S,TTT,0.015142337976983646
KP886808_S,TGC,0.007874015748031496
KP886808_S,CTA,0.012719563900666263
KP886808_S,GTT,0.007874015748031496
KP886808_S,TGG,0.012113870381586917
KP886808_S,TGT,0.015748031496062992
KP886808_S,AAT,0.012113870381586917
KP886808_S,TAA,0.009691096305269533
KP886808_S,CCT,0.005451241671714113
KP886808_S,CAA,0.01029678982434888
KP886808_S,ATT,0.01635372501514234
KP886808_S,TTC,0.009691096305269533
KP886808_S,TAT,0.0072683222289521504
KP886808_S,CAT,0.008479709267110842
KP886808_S,CTC,0.005451241671714113
KP886808_S,CAG,0.007874015748031496
KP886808_S,TTA,0.009085402786190187
KP886808_S,TAC,0.004845548152634767
KP886808_S,ACC,0.005451241671714113
KP886808_S,ACA,0.009085402786190187
KP886808_S,GTA,0.0024227740763173833
KP886808_S,TCT,0.009085402786190187
KP886808_S,GAT,0.0072683222289521504
KP886808_S,GAC,0.004239854633555421
KP886808_S,TTG,0.012113870381586917
KP886808_S,GGT,0.006662628709872804
KP886808_S,CTG,0.01150817686250757
KP886808_S,AAG,0.0060569351907934586
KP886808_S,GGC,0.006662628709872804
KP886808_S,CCA,0.0060569351907934586
KP886808_S,AAC,0.009691096305269533
KP886808_S,ACT,0.007874015748031496
KP886808_S,TCC,0.0036341611144760752
KP886808_S,ACG,0.0018170805572380376
KP886808_S,GTG,0.008479709267110842
KP886808_S,AGA,0.008479709267110842
KP886808_S,CAC,0.007874015748031496
KP886808_S,CGT,0.0012113870381586917
KP886808_S,ATC,0.006662628709872804
KP886808_S,AGC,0.0060569351907934586
KP886808_S,GCC,0.005451241671714113
KP886808_S,CCC,0.004239854633555421
KP886808_S,ATA,0.0072683222289521504
KP886808_S,TAG,0.004239854633555421
KP886808_S,AGT,0.009691096305269533
KP886808_S,GCT,0.01150817686250757
KP886808_S,GAA,0.004239854633555421
KP886808_S,GGA,0.0036341611144760752
KP886808_S,TCA,0.01150817686250757
KP886808_S,GAG,0.0030284675953967293
KP886808_S,GCA,0.007874015748031496
KP886808_S,TGA,0.009085402786190187
KP886808_S,TCG,0.0024227740763173833
KP886808_S,CGG,0.0006056935190793458
KP886808_S,AGG,0.005451241671714113
KP886808_S,CTT,0.007874015748031496
KP886808_S,CGA,0.0024227740763173833
KP886808_S,GCG,0.0018170805572380376
KP886808_S,GTC,0.004239854633555421
KP886808_S,GGG,0.0018170805572380376
KP886809_S,ATG,0.01029678982434888
KP886809_S,AAA,0.013325257419745608
KP886809_S,TTT,0.015142337976983646
KP886809_S,TGC,0.007874015748031496
KP886809_S,CTA,0.012719563900666263
KP886809_S,GTT,0.007874015748031496
KP886809_S,TGG,0.012113870381586917
KP886809_S,TGT,0.015748031496062992
KP886809_S,AAT,0.012113870381586917
KP886809_S,TAA,0.009691096305269533
KP886809_S,CCT,0.005451241671714113
KP886809_S,CAA,0.01029678982434888
KP886809_S,ATT,0.01635372501514234
KP886809_S,TTC,0.009691096305269533
KP886809_S,TAT,0.007874015748031496
KP886809_S,CAT,0.008479709267110842
KP886809_S,CTC,0.005451241671714113
KP886809_S,CAG,0.009085402786190187
KP886809_S,TTA,0.009085402786190187
KP886809_S,TAC,0.004845548152634767
KP886809_S,ACC,0.005451241671714113
KP886809_S,ACA,0.009085402786190187
KP886809_S,GTA,0.0024227740763173833
KP886809_S,TCT,0.009085402786190187
KP886809_S,AGA,0.009085402786190187
KP886809_S,GAC,0.004239854633555421
KP886809_S,TTG,0.012113870381586917
KP886809_S,GGT,0.006662628709872804
KP886809_S,CTG,0.01150817686250757
KP886809_S,AAG,0.0060569351907934586
KP886809_S,GGC,0.006662628709872804
KP886809_S,CCA,0.0060569351907934586
KP886809_S,AAC,0.009691096305269533
KP886809_S,ACT,0.007874015748031496
KP886809_S,TCC,0.0036341611144760752
KP886809_S,ACG,0.0018170805572380376
KP886809_S,GTG,0.008479709267110842
KP886809_S,CAC,0.007874015748031496
KP886809_S,CGT,0.0012113870381586917
KP886809_S,ATC,0.006662628709872804
KP886809_S,AGC,0.0060569351907934586
KP886809_S,GCC,0.005451241671714113
KP886809_S,CCC,0.004239854633555421
KP886809_S,ATA,0.0072683222289521504
KP886809_S,TAG,0.004239854633555421
KP886809_S,AGT,0.009691096305269533
KP886809_S,GCT,0.01150817686250757
KP886809_S,GAA,0.004239854633555421
KP886809_S,GAT,0.006662628709872804
KP886809_S,GGA,0.0036341611144760752
KP886809_S,TCA,0.01150817686250757
KP886809_S,GAG,0.0030284675953967293
KP886809_S,GCA,0.007874015748031496
KP886809_S,TGA,0.009085402786190187
KP886809_S,TCG,0.0024227740763173833
KP886809_S,CGG,0.0006056935190793458
KP886809_S,AGG,0.005451241671714113
KP886809_S,CTT,0.007874015748031496
KP886809_S,CGA,0.0024227740763173833
KP886809_S,GCG,0.0018170805572380376
KP886809_S,GTC,0.004239854633555421
KP886809_S,GGG,0.0018170805572380376
KU182964_S,ATG,0.009085402786190187
KU182964_S,TAT,0.007874015748031496
KU182964_S,TCA,0.010902483343428226
KU182964_S,TTA,0.007874015748031496
KU182964_S,GTT,0.007874015748031496
KU182964_S,ACA,0.010902483343428226
KU182964_S,CAA,0.012113870381586917
KU182964_S,CTT,0.010902483343428226
KU182964_S,TTC,0.009085402786190187
KU182964_S,CCT,0.0060569351907934586
KU182964_S,TAC,0.005451241671714113
KU182964_S,GAA,0.004845548152634767
KU182964_S,TCC,0.0030284675953967293
KU182964_S,CAG,0.0072683222289521504
KU182964_S,GTA,0.0030284675953967293
KU182964_S,GGG,0.0018170805572380376
KU182964_S,CAT,0.009085402786190187
KU182964_S,CCA,0.005451241671714113
KU182964_S,CGT,0.0024227740763173833
KU182964_S,GTG,0.009085402786190187
KU182964_S,TGT,0.013325257419745608
KU182964_S,TTT,0.01635372501514234
KU182964_S,GGT,0.0072683222289521504
KU182964_S,TTG,0.012719563900666263
KU182964_S,TGG,0.010902483343428226
KU182964_S,ATT,0.015142337976983646
KU182964_S,TAG,0.004845548152634767
KU182964_S,AAC,0.01150817686250757
KU182964_S,ACT,0.009691096305269533
KU182964_S,CGC,0.0012113870381586917
KU182964_S,AGT,0.008479709267110842
KU182964_S,GTC,0.004845548152634767
KU182964_S,TGC,0.009691096305269533
KU182964_S,TAA,0.009691096305269533
KU182964_S,GCA,0.008479709267110842
KU182964_S,CAC,0.009691096305269533
KU182964_S,CTA,0.012113870381586917
KU182964_S,AAT,0.012113870381586917
KU182964_S,GAT,0.005451241671714113
KU182964_S,GAG,0.0030284675953967293
KU182964_S,AGA,0.007874015748031496
KU182964_S,ATA,0.007874015748031496
KU182964_S,ACC,0.007874015748031496
KU182964_S,AGG,0.0072683222289521504
KU182964_S,AAG,0.0060569351907934586
KU182964_S,CCC,0.004239854633555421
KU182964_S,CGG,0.0006056935190793458
KU182964_S,TGA,0.009085402786190187
KU182964_S,GCT,0.010902483343428226
KU182964_S,AAA,0.01029678982434888
KU182964_S,GGA,0.0036341611144760752
KU182964_S,GGC,0.006662628709872804
KU182964_S,AGC,0.0060569351907934586
KU182964_S,TCT,0.0060569351907934586
KU182964_S,CGA,0.0018170805572380376
KU182964_S,TCG,0.0030284675953967293
KU182964_S,CTG,0.008479709267110842
KU182964_S,GAC,0.005451241671714113
KU182964_S,GCG,0.0006056935190793458
KU182964_S,ATC,0.005451241671714113
KU182964_S,CCG,0.0006056935190793458
KU182964_S,CTC,0.004239854633555421
KU182964_S,GCC,0.004239854633555421
KU182964_S,ACG,0.0012113870381586917
KY938558_S,ATG,0.009085402786190187
KY938558_S,TAT,0.0072683222289521504
KY938558_S,TCA,0.01029678982434888
KY938558_S,TTA,0.007874015748031496
KY938558_S,GTT,0.007874015748031496
KY938558_S,ACA,0.010902483343428226
KY938558_S,CAA,0.012113870381586917
KY938558_S,CTT,0.010902483343428226
KY938558_S,TTC,0.008479709267110842
KY938558_S,CCT,0.005451241671714113
KY938558_S,TAC,0.0060569351907934586
KY938558_S,GAA,0.005451241671714113
KY938558_S,TCC,0.0024227740763173833
KY938558_S,CAG,0.0072683222289521504
KY938558_S,GTA,0.0024227740763173833
KY938558_S,GGG,0.0018170805572380376
KY938558_S,CAT,0.009085402786190187
KY938558_S,CCA,0.005451241671714113
KY938558_S,CGT,0.0024227740763173833
KY938558_S,GTG,0.009085402786190187
KY938558_S,TGT,0.013325257419745608
KY938558_S,TTT,0.01635372501514234
KY938558_S,GGT,0.0072683222289521504
KY938558_S,TTG,0.013325257419745608
KY938558_S,TCT,0.0060569351907934586
KY938558_S,TGG,0.010902483343428226
KY938558_S,ATT,0.015748031496062992
KY938558_S,TAG,0.004845548152634767
KY938558_S,AAC,0.012113870381586917
KY938558_S,ACT,0.009691096305269533
KY938558_S,CGC,0.0012113870381586917
KY938558_S,AGT,0.008479709267110842
KY938558_S,GTC,0.004845548152634767
KY938558_S,TGC,0.009691096305269533
KY938558_S,TAA,0.009691096305269533
KY938558_S,GCA,0.008479709267110842
KY938558_S,CAC,0.009691096305269533
KY938558_S,CTA,0.012719563900666263
KY938558_S,AAT,0.01150817686250757
KY938558_S,GAC,0.0072683222289521504
KY938558_S,AGA,0.007874015748031496
KY938558_S,ATA,0.007874015748031496
KY938558_S,ACC,0.0072683222289521504
KY938558_S,AGG,0.0072683222289521504
KY938558_S,AAG,0.0060569351907934586
KY938558_S,CCC,0.004845548152634767
KY938558_S,CGG,0.0006056935190793458
KY938558_S,TGA,0.009691096305269533
KY938558_S,GCT,0.010902483343428226
KY938558_S,GAT,0.0030284675953967293
KY938558_S,AAA,0.01029678982434888
KY938558_S,CTC,0.004845548152634767
KY938558_S,GGA,0.0036341611144760752
KY938558_S,GGC,0.006662628709872804
KY938558_S,GAG,0.0024227740763173833
KY938558_S,AGC,0.006662628709872804
KY938558_S,TCG,0.0030284675953967293
KY938558_S,CGA,0.0012113870381586917
KY938558_S,CTG,0.008479709267110842
KY938558_S,ACG,0.0012113870381586917
KY938558_S,GCG,0.0012113870381586917
KY938558_S,ATC,0.0060569351907934586
KY938558_S,CCG,0.0006056935190793458
KY938558_S,GCC,0.004239854633555421
GU190215_S,ATG,0.010902483343428226
GU190215_S,TTT,0.019382192610539067
GU190215_S,TGG,0.01029678982434888
GU190215_S,CTG,0.007874015748031496
GU190215_S,TAA,0.010902483343428226
GU190215_S,AGT,0.010902483343428226
GU190215_S,CAT,0.0072683222289521504
GU190215_S,CTA,0.007874015748031496
GU190215_S,AGC,0.0060569351907934586
GU190215_S,TTA,0.01029678982434888
GU190215_S,AGA,0.010902483343428226
GU190215_S,TTC,0.0072683222289521504
GU190215_S,GGG,0.0006056935190793458
GU190215_S,TAT,0.0060569351907934586
GU190215_S,GGT,0.007874015748031496
GU190215_S,CTT,0.012719563900666263
GU190215_S,ATT,0.019382192610539067
GU190215_S,GCT,0.012719563900666263
GU190215_S,TAC,0.010902483343428226
GU190215_S,GGC,0.007874015748031496
GU190215_S,TCT,0.006662628709872804
GU190215_S,AAT,0.012113870381586917
GU190215_S,ACC,0.0060569351907934586
GU190215_S,TTG,0.016959418534221685
GU190215_S,GTA,0.0060569351907934586
GU190215_S,GAC,0.0072683222289521504
GU190215_S,GGA,0.0060569351907934586
GU190215_S,GAT,0.005451241671714113
GU190215_S,ACA,0.012113870381586917
GU190215_S,GTG,0.009691096305269533
GU190215_S,GTT,0.009085402786190187
GU190215_S,GTC,0.0036341611144760752
GU190215_S,CGA,0.0030284675953967293
GU190215_S,TGT,0.012719563900666263
GU190215_S,TAG,0.004239854633555421
GU190215_S,AAC,0.0072683222289521504
GU190215_S,ACT,0.01150817686250757
GU190215_S,CAG,0.010902483343428226
GU190215_S,TGC,0.008479709267110842
GU190215_S,CAA,0.008479709267110842
GU190215_S,ATA,0.006662628709872804
GU190215_S,CAC,0.007874015748031496
GU190215_S,GCA,0.010902483343428226
GU190215_S,AGG,0.0072683222289521504
GU190215_S,ATC,0.0036341611144760752
GU190215_S,CCT,0.005451241671714113
GU190215_S,AAA,0.01029678982434888
GU190215_S,TGA,0.008479709267110842
GU190215_S,GAA,0.0060569351907934586
GU190215_S,CTC,0.0030284675953967293
GU190215_S,TCA,0.012719563900666263
GU190215_S,TCC,0.004845548152634767
GU190215_S,GAG,0.0036341611144760752
GU190215_S,AAG,0.004239854633555421
GU190215_S,ACG,0.0012113870381586917
GU190215_S,CGT,0.0030284675953967293
GU190215_S,CCA,0.0036341611144760752
GU190215_S,CGC,0.0030284675953967293
GU190215_S,CGG,0.0012113870381586917
GU190215_S,CCC,0.0018170805572380376
GU190215_S,GCG,0.0018170805572380376
GU190215_S,GCC,0.004239854633555421
GU190215_S,CCG,0.0006056935190793458
GU190215_S,TCG,0.0018170805572380376
KY352407_S,ATG,0.01150817686250757
KY352407_S,ATT,0.01877649909145972
KY352407_S,TTT,0.02059357964869776
KY352407_S,TAC,0.0072683222289521504
KY352407_S,AGT,0.009691096305269533
KY352407_S,TGC,0.006662628709872804
KY352407_S,TGG,0.013325257419745608
KY352407_S,TAA,0.01029678982434888
KY352407_S,AAG,0.0072683222289521504
KY352407_S,AGC,0.007874015748031496
KY352407_S,CTT,0.009085402786190187
KY352407_S,CTC,0.004239854633555421
KY352407_S,TTC,0.0072683222289521504
KY352407_S,GAG,0.0036341611144760752
KY352407_S,TAT,0.009085402786190187
KY352407_S,ACA,0.014536644457904301
KY352407_S,CAT,0.004239854633555421
KY352407_S,AGA,0.01150817686250757
KY352407_S,TCT,0.01029678982434888
KY352407_S,CAG,0.007874015748031496
KY352407_S,TTA,0.013325257419745608
KY352407_S,AAT,0.01756511205330103
KY352407_S,CTG,0.007874015748031496
KY352407_S,GTT,0.009085402786190187
KY352407_S,ATA,0.009085402786190187
KY352407_S,ACT,0.013930950938824955
KY352407_S,GAT,0.007874015748031496
KY352407_S,CCA,0.008479709267110842
KY352407_S,GGT,0.008479709267110842
KY352407_S,GTA,0.004845548152634767
KY352407_S,CAA,0.010902483343428226
KY352407_S,AGG,0.007874015748031496
KY352407_S,TCC,0.0030284675953967293
KY352407_S,CGC,0.0036341611144760752
KY352407_S,TAG,0.005451241671714113
KY352407_S,AAC,0.004845548152634767
KY352407_S,TTG,0.013325257419745608
KY352407_S,GTG,0.009085402786190187
KY352407_S,GCC,0.004239854633555421
KY352407_S,CTA,0.009085402786190187
KY352407_S,TGT,0.013930950938824955
KY352407_S,GAC,0.005451241671714113
KY352407_S,GAA,0.004239854633555421
KY352407_S,ACC,0.004239854633555421
KY352407_S,AAA,0.012113870381586917
KY352407_S,CCC,0.0036341611144760752
KY352407_S,CCT,0.008479709267110842
KY352407_S,CAC,0.004845548152634767
KY352407_S,TGA,0.0072683222289521504
KY352407_S,GGC,0.004239854633555421
KY352407_S,GCT,0.01150817686250757
KY352407_S,GCA,0.007874015748031496
KY352407_S,TCA,0.0036341611144760752
KY352407_S,GGA,0.004845548152634767
KY352407_S,CGT,0.0036341611144760752
KY352407_S,TCG,0.0012113870381586917
KY352407_S,ACG,0.0012113870381586917
KY352407_S,ATC,0.004239854633555421
KY352407_S,GTC,0.0060569351907934586
KY352407_S,GCG,0.0018170805572380376
KY352407_S,CGA,0.0006056935190793458
KY352407_S,CCG,0.0006056935190793458
